1.000000000000000000e+07,7.567873341556324158e+04,1.236873412212877724e-11,8.634672331491413934e+04,2.024280089165742535e-11,5.701803240084379213e+05,8.418450978068057063e-10,4.561442592067299296e-08,3.674571369128469220e-27
9.437880000000000000e+06,7.149557072326664638e+04,1.262737631391788425e-11,8.157781213305446727e+04,2.084905174020649629e-11,5.381293476352813886e+05,9.057127805326934011e-10,4.833122048666967037e-08,4.371025432371944038e-27
8.907350000000000000e+06,6.754377325950504746e+04,1.359579771842888710e-11,7.707247724858879519e+04,2.236417874646711586e-11,5.078795709056470660e+05,1.072214066536752040e-09,5.120987265648368639e-08,5.199494628989505924e-27
8.406650000000000000e+06,6.381067750585436443e+04,1.591773929950360317e-11,7.281630075032394961e+04,2.567248212384043909e-11,4.793306420825465466e+05,9.901543852190050938e-10,5.425993222112611249e-08,6.184972698560355900e-27
7.934100000000000000e+06,6.028415807528191363e+04,1.515379786033975835e-11,6.879547394687011547e+04,2.492055646240201844e-11,4.523867708715300541e+05,1.111454605447018808e-09,5.749161961743989296e-08,7.357218876523954686e-27
7.488100000000000000e+06,5.695264236671832623e+04,1.574224177547179142e-11,6.499682264491789101e+04,2.594333045977852343e-11,4.269567284207501216e+05,1.214194568024730966e-09,6.091588776949155569e-08,8.751687050349717211e-27
7.067180000000000000e+06,5.380546414506014116e+04,1.816458110373632309e-11,6.140820344907976687e+04,2.947158133348643715e-11,4.029566982225977117e+05,1.324163110033065205e-09,6.454402734990899697e-08,1.041041942972787391e-26
6.669920000000000000e+06,5.083242855026493635e+04,1.784178234979542111e-11,5.801800663149883621e+04,2.935316754897363892e-11,3.803057146710343659e+05,1.387794017566904209e-09,6.838826540749059548e-08,1.238353998836470626e-26
6.294990000000000000e+06,4.802380023939970124e+04,2.061116873078485751e-11,5.481514629619807965e+04,3.326350184640614625e-11,3.589279437829810777e+05,1.611442080907757239e-09,7.246147479292735624e-08,1.473063782795512440e-26
5.941130000000000000e+06,4.537049365294801100e+04,2.090919683689117326e-11,5.178927664142776484e+04,3.398711930396669119e-11,3.387515428376150667e+05,1.593626276250154930e-09,7.677735703590557893e-08,1.752263921392563763e-26
5.607170000000000000e+06,4.286399283059017034e+04,2.334331988620330985e-11,4.893069956598434510e+04,3.744046025493625314e-11,3.197098007370323758e+05,1.535873344063941018e-09,8.135017472392130724e-08,2.084373365319116690e-26
5.291980000000000000e+06,4.049609134996135981e+04,2.413666836484277487e-11,4.623006943047289678e+04,3.903996657363422721e-11,3.017382871046150103e+05,1.714114549430280791e-09,8.619538607604899618e-08,2.479431431100596296e-26
4.994510000000000000e+06,3.825915773414695286e+04,2.742559240207849267e-11,4.367869659819000663e+04,4.350341712256331251e-11,2.847771330063309870e+05,1.779000601009776538e-09,9.132913122743368876e-08,2.949361614201689175e-26
4.713750000000000000e+06,3.614584652522299439e+04,2.642956475635750525e-11,4.126821326851021149e+04,4.299192953056245346e-11,2.687687502294739243e+05,1.983294273861943201e-09,9.676886962752155227e-08,3.508383405555767051e-26
4.448780000000000000e+06,3.414943568793220038e+04,2.917321671616080219e-11,3.899096461151677795e+04,4.690879652047877155e-11,2.536606821842227946e+05,2.020960238080927178e-09,1.025324379283151205e-07,4.173341222756134832e-26
4.198710000000000000e+06,3.226346984231673559e+04,3.202722169557445477e-11,3.683959815447025903e+04,5.088173045144178730e-11,2.394021828217426664e+05,2.141587077200892838e-09,1.086391437386077539e-07,4.964311736669431548e-26
3.962690000000000000e+06,3.048171021584779010e+04,3.440896292938226930e-11,3.480700851800366218e+04,5.444601422509116332e-11,2.259447868144988897e+05,2.251915627451966063e-09,1.151097510041738605e-07,5.905224143383676546e-26
3.739940000000000000e+06,2.879849452705721342e+04,3.470368502529320067e-11,3.288674522414488456e+04,5.565547566601216382e-11,2.132440200972093444e+05,2.453714630976393599e-09,1.219656623386283535e-07,7.024457328311354790e-26
3.529710000000000000e+06,2.720830859306574348e+04,3.767679118844787520e-11,3.107252695675702125e+04,5.994717277964484946e-11,2.012571191455766384e+05,2.544813824524635435e-09,1.292299535108350501e-07,8.355830215005471133e-26
3.331290000000000000e+06,2.570598773265905402e+04,3.921244072394156959e-11,2.935847053784616583e+04,6.272289670088721518e-11,1.899436011566078523e+05,2.703037437265311918e-09,1.369272141442893109e-07,9.939610337069448021e-26
3.144040000000000000e+06,2.428681730236404110e+04,4.153609361304889678e-11,2.773920705896371510e+04,6.636560461818988432e-11,1.792669745895441156e+05,2.864289067510774103e-09,1.450822060809434556e-07,1.182340303297222285e-25
2.967300000000000000e+06,2.294596648826770615e+04,4.513355587171125452e-11,2.620923065603731084e+04,7.159863691507128425e-11,1.691896075430215278e+05,3.026601873529998360e-09,1.537236744537894734e-07,1.406443570095263971e-25
2.800500000000000000e+06,2.167927695408402724e+04,4.679685236447740213e-11,2.476380542693851385e+04,7.471268579304019198e-11,1.596789997385585157e+05,3.172835742217711363e-09,1.628795783634098952e-07,1.673015444566701662e-25
2.643080000000000000e+06,2.048261110799238668e+04,4.986441018681194535e-11,2.339821869365391831e+04,7.936893457300156654e-11,1.507032210780175519e+05,3.342860245207880341e-09,1.725805723650927578e-07,1.990103921349607571e-25
2.494510000000000000e+06,1.935196420100253818e+04,5.336938931342510120e-11,2.210782764446945293e+04,8.464577622080282768e-11,1.422320520042240096e+05,3.565529766018824173e-09,1.828592626234126565e-07,2.367287104900997411e-25
2.354290000000000000e+06,1.828376183440868408e+04,5.680679087828968944e-11,2.088862797498201689e+04,8.998319558755586134e-11,1.342369835009817325e+05,3.777657182034800006e-09,1.937502428361540553e-07,2.815962103861590768e-25
2.221950000000000000e+06,1.727457917202903991e+04,6.049395534148608824e-11,1.973673837827430907e+04,9.545823334502775471e-11,1.266912170930519496e+05,4.019479004216144495e-09,2.052900646759508484e-07,3.349683958995825310e-25
2.097050000000000000e+06,1.632116279984200810e+04,6.359513871119802906e-11,1.864844872596087225e+04,1.006877300254321833e-10,1.195696648461837176e+05,4.151271107297087734e-09,2.175171117554320321e-07,3.984559553007289478e-25
1.979170000000000000e+06,1.542043035495284130e+04,6.782187653089414796e-11,1.762024847702314946e+04,1.070629261121083044e-10,1.128483791867753025e+05,4.456884923651441592e-09,2.304725006981354222e-07,4.739771223404577619e-25
1.867910000000000000e+06,1.456941787984874099e+04,7.108706543862056127e-11,1.664875797138352573e+04,1.126196888119497961e-10,1.065045529018548550e+05,4.636616988315646956e-09,2.442003411335281225e-07,5.638178691394263299e-25
1.762910000000000000e+06,1.376546473048224470e+04,7.597060662501834097e-11,1.573094466421371544e+04,1.199797835687848144e-10,1.005176594997648644e+05,4.967379748763466921e-09,2.587450631097039970e-07,6.706813853828302969e-25
1.663820000000000000e+06,1.300599334753965741e+04,8.061137825731953946e-11,1.486387194976444516e+04,1.271812363037150104e-10,9.486774266916709894e+04,5.174196282179920925e-09,2.741548119428351643e-07,7.977882847213460083e-25
1.570290000000000000e+06,1.228839500969105029e+04,8.472812271622391321e-11,1.404456449089714260e+04,1.340398103307975824e-10,8.953484609871315479e+04,5.481739877663189972e-09,2.904840884210736808e-07,9.490018959544355352e-25
1.482020000000000000e+06,1.161045919030823279e+04,8.999102862299551450e-11,1.327050293114122360e+04,1.422212886954709650e-10,8.450186437869352812e+04,5.793456061503318660e-09,3.077854949371314099e-07,1.128871426917251187e-24
1.398710000000000000e+06,1.096995208379199539e+04,9.482944740014839623e-11,1.253914164348236227e+04,1.500496959519146925e-10,7.975169209937650885e+04,6.080419309231475598e-09,3.261178222839096135e-07,1.342838034834969574e-24
1.320090000000000000e+06,1.036488146823711577e+04,1.011126121550886060e-10,1.184820829065195721e+04,1.596232735978133124e-10,7.526893439202125592e+04,6.461919170874045956e-09,3.455402731682890818e-07,1.597335151084192151e-24
1.245880000000000000e+06,9.793154528778364693e+03,1.069341313202145780e-10,1.119531839485094133e+04,1.688243885119243660e-10,7.103762620755538228e+04,6.793920787030429924e-09,3.661221459584602879e-07,1.900106872947621376e-24
1.175850000000000000e+06,9.253066858789810794e+03,1.129277860378195954e-10,1.057852718375346376e+04,1.785117044825288963e-10,6.704465339852555189e+04,7.172430575795899942e-09,3.879272519511213726e-07,2.260220969812642519e-24
1.109750000000000000e+06,8.742754957082559486e+03,1.199732663348938278e-10,9.995710705773677546e+03,1.893980900418436898e-10,6.327576145682890638e+04,8.021494553990689004e-09,4.110333491387479349e-07,2.688631039873874220e-24
1.047370000000000000e+06,8.260653104434226407e+03,1.268459059064620112e-10,9.445084362362844331e+03,2.003159975113621198e-10,5.971897659566275252e+04,8.929052930070482320e-09,4.355139627893915470e-07,3.198204850419125566e-24
9.884960000000000000e+05,7.805169471680454990e+03,1.340684684996226765e-10,8.924832918538078957e+03,2.118745224950698202e-10,5.636209695609560004e+04,9.832880277680500850e-09,4.614528123601151336e-07,3.804362727334538209e-24
9.329300000000000000e+05,7.374819195357800709e+03,1.422847036894555118e-10,8.433262644343938518e+03,2.246440303408144899e-10,5.319383296770969901e+04,1.076142301729450900e-08,4.889372827615402409e-07,4.525426223586100924e-24
8.804880000000000000e+05,6.968234754673299904e+03,1.506698551035407647e-10,7.968814747184976113e+03,2.378678811634709350e-10,5.020369331254444842e+04,1.174214270076763785e-08,5.180584621331839145e-07,5.383148244553241784e-24
8.309940000000000000e+05,6.584099067396698956e+03,1.597607761638157870e-10,7.529987137826927210e+03,2.520936855716692064e-10,4.738164281689528434e+04,1.237263099263981724e-08,5.489140224920060636e-07,6.403434896747115028e-24
7.842820000000000000e+05,6.221161453333995269e+03,1.690478718840393722e-10,7.115353155541148226e+03,2.667750758474506886e-10,4.471821648738649674e+04,1.777094752762341093e-08,5.816074565101852168e-07,7.617104575860314830e-24
7.401960000000000000e+05,5.878261958403074459e+03,1.790310039610942698e-10,6.723590906766395165e+03,2.824859441057648218e-10,4.220451951096240373e+04,1.720232955509168953e-08,6.162479386631651367e-07,9.060798197258088098e-24
6.985880000000000000e+05,5.554286854499168840e+03,1.894022344764455092e-10,6.353429131514683831e+03,2.989051395677230285e-10,3.983211321882782067e+04,1.806864575067359627e-08,6.529517529741691346e-07,1.077812693088046427e-23
6.593190000000000000e+05,5.248190261736985121e+03,2.007617444010693108e-10,6.003675679917383604e+03,3.167413992513286150e-10,3.759307210447727994e+04,1.847391500122831678e-08,6.918415201241242491e-07,1.282094042112619444e-23
6.222570000000000000e+05,4.958983902899983150e+03,2.127556188813263960e-10,5.673203139465216736e+03,3.355152001815194249e-10,3.547986978763689694e+04,1.994632867324835625e-08,7.330480158627644820e-07,1.525096348527828245e-23
5.872790000000000000e+05,4.685741961163104861e+03,2.251286267391360743e-10,5.360955219689126352e+03,3.550666593227690402e-10,3.348549305031899712e+04,2.094621479741773410e-08,7.767079347409225835e-07,1.814150183358731312e-23
5.542660000000000000e+05,4.427529685477598832e+03,2.383818308527590451e-10,5.065843060359926312e+03,3.759655329829226186e-10,3.160315674666954874e+04,2.198338608964400780e-08,8.229699444070398022e-07,2.158002449173416586e-23
5.231100000000000000e+05,4.183572852059226534e+03,2.522981938957696868e-10,4.787008516487109773e+03,3.979211007079400934e-10,2.982670292918766427e+04,2.310546928029352352e-08,8.719853552918318611e-07,2.567010117115741599e-23
4.937050000000000000e+05,3.953076903045378913e+03,2.672456884698978090e-10,4.523545870922317590e+03,4.214101751153361705e-10,2.815008768644029624e+04,2.426622635106484836e-08,9.239206797717417822e-07,3.053543195733516268e-23
4.659530000000000000e+05,3.735298087322875290e+03,2.831529030527012550e-10,4.274605641448025381e+03,4.463633799425489557e-10,2.656772325125139469e+04,2.547925329432951715e-08,9.789490768526119276e-07,3.632288245170178594e-23
4.397600000000000000e+05,3.529526649793567685e+03,2.995824005284148178e-10,4.039378362682601164e+03,4.723312237330493723e-10,2.507424992857434700e+04,2.542887897694257872e-08,1.037257274892445795e-06,4.320753270152597688e-23
4.150400000000000000e+05,3.335110920233774323e+03,3.175669233807106873e-10,3.817120278387731105e+03,5.004750558496495346e-10,2.366476416762471854e+04,2.617259258213552061e-08,1.099036862005345491e-06,5.139688197089433218e-23
3.917100000000000000e+05,3.151423768489444683e+03,3.362303767343038387e-10,3.607115619855674595e+03,5.298325440982182263e-10,2.233453347171223868e+04,2.950454538851626728e-08,1.164494802804867669e-06,6.113820116472870346e-23
3.696910000000000000e+05,2.977864177984935850e+03,3.561160855860925051e-10,3.408678831304482173e+03,5.610801449335932320e-10,2.107905341627648522e+04,3.098931397879280426e-08,1.233852755968336524e-06,7.272604927721728585e-23
3.489100000000000000e+05,2.813879971702428975e+03,3.770619594475477648e-10,3.221179403834365530e+03,5.940080668348650242e-10,1.989416168495337479e+04,3.254199279580260650e-08,1.307340744623786989e-06,8.651001270369132742e-23
3.292970000000000000e+05,2.658937771312032055e+03,3.991952101298769101e-10,3.044008650359210606e+03,6.288380329460088020e-10,1.877586701547388293e+04,3.416657289715757779e-08,1.385206239979957367e-06,1.029066166960489470e-22
3.107870000000000000e+05,2.512544414440925721e+03,4.228675583523012458e-10,2.876603904673487250e+03,6.659711212794468362e-10,1.772046323573283735e+04,3.412789197885234505e-08,1.467707012219539259e-06,1.224103347725321223e-22
2.933170000000000000e+05,2.374218413774717192e+03,4.478304321981300066e-10,2.718415287131555942e+03,7.051724435564145173e-10,1.672435820968871849e+04,3.765813706341709813e-08,1.555123839418332759e-06,1.456112435812505344e-22
2.768290000000000000e+05,2.243520412066277004e+03,4.742359266860123109e-10,2.568941463978869251e+03,7.466470867077513317e-10,1.578424489146180167e+04,3.954103783058457828e-08,1.647747379091999785e-06,1.732095598617439438e-22
2.612680000000000000e+05,2.120029498868841983e+03,5.021694753487665109e-10,2.427701989996155135e+03,7.905213469996707399e-10,1.489698728927115008e+04,4.042610237820976016e-08,1.745886443064786307e-06,2.060382928417437981e-22
2.465810000000000000e+05,2.003339983787923529e+03,5.317959030912091042e-10,2.294233570820914338e+03,8.370322202269201658e-10,1.405956344739768974e+04,4.244894551178016296e-08,1.849875940184527221e-06,2.450912301364148241e-22
2.327200000000000000e+05,1.893087649563078230e+03,5.631927032236187261e-10,2.168120649162808149e+03,8.862952604785383656e-10,1.326923650028760676e+04,4.456024565359004297e-08,1.960056115532098718e-06,2.915449143771662694e-22
2.196390000000000000e+05,1.788917773847097806e+03,5.963602131713313705e-10,2.048958057669411573e+03,9.383885809893249545e-10,1.252338361844998872e+04,4.678552533020143826e-08,2.076790821332357323e-06,3.467993030605182953e-22
2.072920000000000000e+05,1.690479330084182948e+03,6.315542676487350269e-10,1.936345122959496621e+03,9.935833893990015870e-10,1.181938197239488727e+04,4.724036162421509133e-08,2.200491380307025736e-06,4.125332498500959605e-22
1.956400000000000000e+05,1.597473831913491267e+03,6.688395383447406185e-10,1.829941071209114398e+03,1.052073415187697290e-09,1.115500785885812002e+04,5.045406012521829899e-08,2.331549065664427083e-06,4.907198371762860822e-22
1.846420000000000000e+05,1.509585085786898617e+03,7.082610844972121893e-10,1.729384813876653652e+03,1.113908472865977068e-09,1.052792353851152620e+04,5.297911904880312245e-08,2.470425251061898526e-06,5.837341255867650788e-22
1.742630000000000000e+05,1.426545961919036699e+03,7.499619213295825459e-10,1.634371312261612047e+03,1.179345225413205454e-09,9.936133380220420804e+03,5.474209947482786665e-08,2.617562300698092553e-06,6.943700884295074570e-22
1.644680000000000000e+05,1.348086555503496356e+03,7.941952899401674574e-10,1.544592413801475459e+03,1.248694566298111828e-09,9.377641752851699493e+03,5.750036778100451869e-08,2.773452946509533082e-06,8.259662882750513014e-22
1.552230000000000000e+05,1.273939548486950798e+03,8.410786018457104588e-10,1.459739330445594078e+03,1.322178175315126775e-09,8.850510043302987469e+03,6.039377767450721496e-08,2.938638341009420461e-06,9.825130542968664366e-22
1.464970000000000000e+05,1.203865857728060291e+03,8.905687606708880560e-10,1.379539633156575064e+03,1.399784020815143086e-09,8.352970692570117535e+03,6.343783722925842025e-08,3.113676452121734794e-06,1.168746560544119463e-21
1.382620000000000000e+05,1.137656602606975184e+03,9.430896088026331267e-10,1.303758281900782777e+03,1.482086278588632975e-09,7.883427195746216967e+03,6.663040729046497745e-08,3.299129617728998551e-06,1.390266397711855171e-21
1.304900000000000000e+05,1.075095713041607269e+03,9.987168558567986322e-10,1.232148520411174786e+03,1.569245674840006520e-09,7.440283047923634513e+03,6.998264298643231963e-08,3.495626172169607448e-06,1.653768927179352154e-21
1.231550000000000000e+05,1.015981848751887128e+03,1.057585229030565120e-09,1.164480354135799416e+03,1.661473577163162868e-09,7.022055780260102438e+03,7.350722331148952325e-08,3.703822493657367632e-06,1.967208378233334921e-21
1.162320000000000000e+05,9.601214517437531413e+02,1.119930802075284824e-09,1.100532559144440711e+03,1.759138332894326875e-09,6.627319941945436767e+03,7.720586485835492525e-08,3.924429238130026795e-06,2.340072797838678320e-21
1.096990000000000000e+05,9.073442807439969329e+02,1.185865588114542049e-09,1.040110782111950812e+03,1.862407322157916560e-09,6.254821136267083602e+03,8.051038861956840570e-08,4.158144187333340007e-06,2.783546516796852188e-21
1.035320000000000000e+05,8.574636172887315979e+02,1.255806173654259706e-09,9.830015332275494302e+02,1.971932324591084660e-09,5.903190930447095525e+03,8.459194335573615511e-08,4.405828721614815184e-06,3.311179055715518541e-21
9.771239999999999418e+04,8.103354067809173102e+02,1.329755076813577620e-09,9.290403310820802290e+02,2.087713189925446174e-09,5.571368789083116098e+03,8.888177541118136359e-08,4.668233092280642152e-06,3.938740994540768511e-21
9.221980000000000291e+04,7.658008609083153715e+02,1.408114468091568252e-09,8.780456712200357288e+02,2.210393258098672319e-09,5.258191544313635859e+03,9.338736468639952599e-08,4.946272483849384947e-06,4.685262449493005250e-21
8.703589999999999418e+04,7.237183682896669552e+02,1.491051026598286911e-09,8.298557317568571534e+02,2.340196372517778558e-09,4.962615766146382157e+03,9.812233127718093719e-08,5.240874848263940027e-06,5.573283865481854398e-21
8.214339999999999418e+04,6.839520138659995609e+02,1.578931919430562371e-09,7.843151869285812836e+02,2.477728046168985457e-09,4.683655042620401218e+03,1.030963825660819471e-07,5.553023848610209450e-06,6.629616365054267371e-21
7.752600000000000000e+04,6.463757274385178562e+02,1.671984596728128723e-09,7.412799971473539244e+02,2.623327012975512175e-09,4.420379979807482414e+03,1.083195918495782864e-07,5.883758470781792578e-06,7.886136242498227317e-21
7.316810000000000582e+04,6.108670148523294756e+02,1.770369271394769836e-09,7.006102144429146392e+02,2.777211672083057465e-09,4.171901096402591975e+03,1.138051190146218406e-07,6.234195765719198896e-06,9.380825486216410282e-21
6.905510000000000582e+04,5.773120318713628194e+02,1.874548287459345703e-09,6.621755791587713702e+02,2.940144395874728172e-09,3.937385929132153251e+03,1.195676508974730214e-07,6.605511529280167484e-06,1.115884117251049203e-20
6.517340000000000146e+04,5.456042734531156384e+02,1.984994036375569586e-09,6.258543913901695532e+02,3.112868397727033958e-09,3.716059032755753833e+03,1.256191581959398424e-07,6.998932988081879967e-06,1.327379843620631005e-20
6.150990000000000146e+04,5.156416679893596893e+02,2.101898624671062041e-09,5.915300848573868961e+02,3.295629827459040114e-09,3.507173471048939064e+03,1.319758299480562161e-07,7.415786063792972081e-06,1.578960515533709045e-20
5.805230000000000291e+04,4.873269745065741176e+02,2.225650562492576918e-09,5.590914195367724915e+02,3.489075749702837020e-09,3.310027922213036618e+03,1.386490876934495529e-07,7.857470921998332958e-06,1.878226738317417412e-20
5.478900000000000000e+04,4.605696080028059214e+02,2.356590699071887887e-09,5.284347906814032285e+02,3.693705423408928686e-09,3.123960977072481001e+03,1.456595790836832323e-07,8.325471521745730013e-06,2.234221196060249333e-20
5.170919999999999709e+04,4.352848678739468369e+02,2.495419961335990036e-09,4.994635070807294710e+02,3.910627869107341002e-09,2.948356840876924252e+03,1.530203290846883711e-07,8.821336613304899964e-06,2.657680739083016832e-20
4.880250000000000000e+04,4.113879755335316304e+02,2.642472231063140999e-09,4.720790183797087707e+02,4.140358358889568028e-09,2.782622526089623079e+03,1.607484203091067204e-07,9.346739597448026408e-06,3.161404227962084443e-20
4.605919999999999709e+04,3.888040848922926784e+02,2.797754345842456985e-09,4.461967058414080611e+02,4.382883671705109663e-09,2.626204957796144299e+03,1.688645653048872932e-07,9.903434258610190982e-06,3.760599137249028257e-20
4.347009999999999854e+04,3.674625909127973955e+02,2.962968977317701180e-09,4.217366990585449571e+02,4.640925716506689694e-09,2.478579570098448130e+03,1.773859016550491008e-07,1.049328755176237394e-05,4.473364298580810854e-20
4.102659999999999854e+04,3.472952149866815716e+02,3.137375834555079744e-09,3.986208183805259750e+02,4.913242658446363052e-09,2.339256007917856095e+03,1.863311167665048632e-07,1.111825642884163379e-05,5.321199893666558641e-20
3.872040000000000146e+04,3.282364514373751945e+02,3.322119922542070113e-09,3.767742699274136839e+02,5.201638932471936027e-09,2.207761021585458366e+03,1.957228320374842629e-07,1.178046350768896388e-05,6.329750882920898202e-20
3.654380000000000291e+04,3.102253803209312082e+02,3.517047015200735650e-09,3.561272148026341142e+02,5.505821198332699073e-09,2.083655572251724607e+03,2.055830320235568918e-07,1.248212444252313330e-05,7.529479818595780760e-20
3.448959999999999854e+04,2.932050208628685937e+02,3.724571692373658019e-09,3.366146392837807753e+02,5.829703516730263612e-09,1.966529130083242535e+03,2.159334987242741417e-07,1.322555956584534462e-05,8.956567048843024373e-20
3.255090000000000146e+04,2.771205954956517417e+02,3.943355534380998808e-09,3.181737760841303952e+02,6.171013549332285404e-09,1.855988270656572467e+03,2.267975317001808167e-07,1.401326105273960027e-05,1.065410600873555201e-19
3.072109999999999854e+04,2.619197496665586300e+02,4.175307817108540886e-09,3.007447491261043524e+02,6.532832656313740666e-09,1.751656674957773475e+03,2.382018817240564651e-07,1.484791427393534139e-05,1.267347435552849668e-19
2.899420000000000073e+04,2.475547207771116121e+02,4.421051991646500242e-09,2.842729739192253078e+02,6.916079202981787708e-09,1.653192234792332556e+03,2.501712687361262284e-07,1.573225883798453498e-05,1.507552839485092734e-19
2.736440000000000146e+04,2.339793728188776356e+02,4.680324058163158716e-09,2.687055714387660146e+02,7.320300885430916178e-09,1.560264245572426944e+03,2.627334292495369869e-07,1.666925856951007791e-05,1.793279974460043300e-19
2.582620000000000073e+04,2.211499708610181756e+02,4.956168277490466420e-09,2.539926079209194540e+02,7.750353095815283330e-09,1.472559108119678967e+03,2.759178261450772624e-07,1.766207414170938497e-05,2.133164324293248986e-19
2.437440000000000146e+04,2.090249464206294476e+02,5.247336629008958918e-09,2.400864208902818291e+02,8.204129505367733943e-09,1.389780328665665365e+03,2.897547686421779711e-07,1.871407128781095170e-05,2.537487955013822100e-19
2.300429999999999927e+04,1.975668550259381959e+02,5.556953429121012346e-09,2.269442377539792517e+02,8.686696260849327635e-09,1.311659922458072288e+03,3.042744740987650352e-07,1.982865199969144362e-05,3.018413050620178795e-19
2.171120000000000073e+04,1.867381956504327150e+02,5.882489010094356033e-09,2.145231110834396588e+02,9.193752964517569959e-09,1.237929904744532223e+03,3.195118627690771285e-07,2.100962909444191939e-05,3.590493932974305134e-19
2.049070000000000073e+04,1.765035329408722475e+02,6.228383948244823212e-09,2.027825007432466009e+02,9.732539550699132887e-09,1.168339396182380597e+03,3.355025891552434852e-07,2.226103838296585862e-05,4.271055712743409152e-19
1.933890000000000146e+04,1.668317707216273504e+02,6.594993345675226813e-09,1.916868009076646899e+02,1.030350788028801580e-08,1.102666026445321904e+03,3.522808599333117972e-07,2.358687718496177340e-05,5.080544443487395933e-19
1.825179999999999927e+04,1.576908143330319376e+02,6.984356345924013906e-09,1.811992985261553883e+02,1.090985996002298614e-08,1.040681723403675051e+03,3.698881074201649240e-07,2.499174104419739188e-05,6.043498061440631187e-19
1.722590000000000146e+04,1.490510279361609776e+02,7.390944789616132521e-09,1.712851819827397435e+02,1.154249975842046674e-08,9.821869239440453612e+02,3.883622953239590054e-07,2.648014090343546874e-05,7.188853849658251251e-19
1.625760000000000036e+04,1.408851057182368720e+02,7.825640825626615919e-09,1.619141761281092897e+02,1.221902827132732677e-08,9.269763631495891332e+02,4.077516425586393076e-07,2.805729376945251594e-05,8.551376778990096301e-19
1.534370000000000073e+04,1.331673271169067903e+02,8.287442639794428917e-09,1.530568226150102760e+02,1.293772619223507545e-08,8.748675833166872735e+02,4.281029299740467678e-07,2.972843963214474568e-05,1.017220183073005943e-18
1.448120000000000073e+04,1.258734693356547609e+02,8.769478287647127170e-09,1.446853977351899516e+02,1.368723750309804948e-08,8.256895303480545181e+02,4.494682761170811891e-07,3.149906493805202409e-05,1.210017147598023834e-18
1.366720000000000073e+04,1.189802381690378041e+02,9.288877351884052184e-09,1.367732164141764315e+02,1.449542712827117773e-08,7.792768519496588624e+02,4.719093913148516851e-07,3.337510676493743802e-05,1.439350095573173371e-18
1.289889999999999964e+04,1.124648205231731311e+02,9.831871165201443299e-09,1.292941625663593470e+02,1.533955135410840639e-08,7.354698976307395242e+02,4.947556308667492219e-07,3.536303554366637176e-05,1.712170333247487831e-18
1.217379999999999927e+04,1.063070976789292530e+02,1.041406210845835662e-08,1.222251771956046298e+02,1.624502173832894183e-08,6.941261223101934092e+02,5.192921969615439784e-07,3.746934064714448802e-05,2.036696922397952813e-18
1.148950000000000000e+04,1.004876412844961351e+02,1.102206963182763196e-08,1.155440391443125918e+02,1.718987266642207329e-08,6.551086827102531061e+02,5.469078194966435755e-07,3.970096689723030017e-05,2.422709822124687127e-18
1.084370000000000073e+04,9.498782683213030964e+01,1.166517812744976307e-08,1.092294028361858977e+02,1.818897725885802752e-08,6.182864373562540550e+02,5.721522014128676167e-07,4.206537059866081351e-05,2.881855453307806247e-18
1.023410000000000036e+04,8.978881900293519891e+01,1.235017859981737053e-08,1.032596733542280560e+02,1.925329953231471550e-08,5.835282447736551603e+02,6.004043509886192755e-07,4.457101837533843889e-05,3.428116514341284332e-18
9.658829999999999927e+03,8.487557110553031237e+01,1.308414826331081010e-08,9.761765917816522631e+01,2.039410829858167670e-08,5.507274812417533667e+02,6.300341260944253496e-07,4.722562247691615211e-05,4.077846260972288799e-18
9.115889999999999418e+03,8.023177890700286241e+01,1.384623295074607822e-08,9.228466554235056662e+01,2.157713806233159575e-08,5.197701106956891408e+02,6.617376334385866570e-07,5.003836807394509300e-05,4.850729447985691398e-18
8.603459999999999127e+03,7.584253837219431205e+01,1.465787081957813737e-08,8.724359991984169937e+01,2.283732637612206786e-08,4.905523603163941857e+02,6.944310875301932631e-07,5.301869935277261903e-05,5.770118142804644202e-18
8.119840000000000146e+03,7.169400676115517967e+01,1.551903948768291263e-08,8.247861421403645465e+01,2.417420402470416337e-08,4.629772994487045708e+02,7.287206125371993328e-07,5.617650829630080041e-05,6.863794526804219377e-18
7.663409999999999854e+03,6.777297629314777794e+01,1.642476831283039560e-08,7.797458880067759424e+01,2.557947886410312990e-08,4.369525588800534592e+02,7.646896502143476178e-07,5.952236133973842129e-05,8.164705132932716867e-18
7.232630000000000109e+03,6.406675709869614366e+01,1.739683467218576946e-08,7.371692053249304877e+01,2.708838133783511041e-08,4.123903308404057952e+02,8.024327596718492445e-07,6.306755068395026068e-05,9.712207302184278001e-18
6.826069999999999709e+03,6.056315053013756966e+01,1.840780514454054018e-08,6.969137129426169963e+01,2.865594070173291817e-08,3.892090795433634298e+02,8.420597221749190352e-07,6.682384726358897976e-05,1.155299209635569659e-17
6.442359999999999673e+03,5.725157227213298938e+01,1.949166280303429881e-08,6.588617234269781875e+01,3.033727820756953801e-08,3.673306902843893340e+02,8.822018003573544817e-07,7.080390712042127887e-05,1.374268905379365083e-17
6.080220000000000255e+03,5.412143819633161002e+01,2.064076571787115021e-08,6.228916714201456273e+01,3.211956517243288868e-08,3.466821799819376793e+02,9.276645189570927696e-07,7.502101224303063054e-05,1.634740446924518052e-17
5.738439999999999600e+03,5.116288433012970671e+01,2.184205313855691662e-08,5.888906923478758415e+01,3.398119990589552885e-08,3.271945568166727298e+02,9.745573728709822833e-07,7.948924429677060866e-05,1.944577039681445901e-17
5.415869999999999891e+03,4.836640055995807330e+01,2.314604751450074533e-08,5.567497517872526203e+01,3.600419866634507629e-08,3.088022500511944486e+02,1.018511412675664384e-06,8.422363517259420502e-05,2.313140407742901013e-17
5.111430000000000291e+03,4.572307158951124961e+01,2.447786763623454419e-08,5.263665634657471770e+01,3.806614903376075074e-08,2.914436802104052617e+02,1.068174025642919082e-06,8.924004808821826872e-05,2.751562842687746990e-17
4.824109999999999673e+03,4.322456398963453239e+01,2.592688604913208113e-08,4.976455832949682190e+01,4.031222907753316824e-08,2.750612590814130272e+02,1.120227966560747140e-06,9.455511150743860964e-05,3.273068410319170504e-17
4.552939999999999600e+03,4.086286017777045032e+01,2.744938699438273634e-08,4.704949496314284119e+01,4.267065561200294801e-08,2.595996791726742572e+02,1.174782269643964965e-06,1.001867494290766908e-04,3.893416881092843610e-17
4.297000000000000000e+03,3.863035259785280573e+01,2.906428991455724338e-08,4.448274224078207340e+01,4.517237147636436624e-08,2.450064838942082019e+02,1.231953121849453671e-06,1.061541212272724700e-04,4.631382259313593508e-17
4.055460000000000036e+03,3.652017032879552261e+01,3.078720842212649567e-08,4.205641338645629190e+01,4.784155313267773106e-08,2.312343482789903817e+02,1.291852684624866964e-06,1.124765769795860420e-04,5.509171880707426892e-17
3.827489999999999782e+03,3.452538838259894050e+01,3.256258039756070102e-08,3.976256897936308832e+01,5.058752483106489709e-08,2.182359473599408091e+02,1.354462714335897233e-06,1.191758198812439341e-04,6.553367071455004207e-17
3.612340000000000146e+03,3.263980918998385761e+01,3.443243349369581610e-08,3.759410347220082116e+01,5.347790364059499355e-08,2.059685176126052397e+02,1.420262813740702016e-06,1.262738996860599612e-04,7.795443500575331519e-17
3.409289999999999964e+03,3.085742307926194172e+01,3.648378824693060786e-08,3.554412078976815081e+01,5.665527899130107058e-08,1.943910060534774402e+02,1.489189804708033292e-06,1.337945022984445237e-04,9.272884593370230359e-17
3.217639999999999873e+03,2.917240155769618326e+01,3.861843578061138149e-08,3.360593872861123543e+01,5.995735548176091033e-08,1.834635000596745158e+02,1.562031476698728992e-06,1.417636089444254742e-04,1.103047797974365456e-16
3.036769999999999982e+03,2.757949313853530882e+01,4.086735121831912306e-08,3.177349095497573117e+01,6.343445090874217138e-08,1.731506484509213237e+02,1.636401240438366192e-06,1.502070484823723529e-04,1.312112241500930369e-16
2.866070000000000164e+03,2.607349103451239714e+01,4.325295257762977221e-08,3.004073982566066903e+01,6.712312035492523792e-08,1.634176702272477826e+02,1.715491381847134907e-06,1.591532162675099080e-04,1.560796594085872826e-16
2.704960000000000036e+03,2.464975471592867606e+01,4.577178989440674238e-08,2.840247716541332679e+01,7.101622967580718479e-08,1.542314949296497275e+02,1.798805291636574340e-06,1.686325337406088603e-04,1.856624796847790617e-16
2.552909999999999854e+03,2.330384669334558012e+01,4.846441733664458958e-08,2.685361983781106332e+01,7.517958340811284691e-08,1.455619030007289894e+02,1.885529286199985036e-06,1.786762002484462513e-04,2.208514092410458933e-16
2.409400000000000091e+03,2.203140414872569508e+01,5.130699177528241870e-08,2.538915297971844964e+01,7.957371090117041147e-08,1.373792450633973203e+02,1.976330629154987198e-06,1.893186097262346496e-04,2.627120360218573945e-16
2.273969999999999800e+03,2.082856473527269614e+01,5.430534363828429365e-08,2.400464728444640627e+01,8.420692915046812532e-08,1.296572928225233170e+02,2.071380180798363574e-06,2.005937889066412079e-04,3.125017801692059553e-16
2.146139999999999873e+03,1.969126920267257219e+01,5.751153702471424466e-08,2.269543933461651264e+01,8.916273855964686249e-08,1.223686776222737791e+02,2.170889580385959606e-06,2.125417065203766102e-04,3.717342191050797114e-16
2.025500000000000000e+03,1.861606839862729856e+01,6.088233915316744685e-08,2.145757100524203764e+01,9.437163066460972535e-08,1.154900220691245352e+02,2.274390370668861888e-06,2.252008185077778574e-04,4.421910471634296860e-16
1.911640000000000100e+03,1.759951678229731442e+01,6.442839020559465419e-08,2.028708617611780340e+01,9.984766856888308535e-08,1.089979487694951104e+02,2.383354337789441245e-06,2.386140997916376568e-04,5.260031680472992611e-16
1.804190000000000055e+03,1.663846731602653506e+01,6.822457877420093338e-08,1.918036914977779972e+01,1.057131224123720157e-07,1.028713610511241257e+02,2.497376398667846247e-06,2.528249560988803687e-04,6.256909503275579674e-16
1.702769999999999982e+03,1.572970103672592046e+01,7.221351945859039026e-08,1.813372483067081120e+01,1.118737482652353034e-07,9.708859206137591968e+01,2.616703284985264410e-06,2.678836585916442837e-04,7.442840590104866985e-16
1.607049999999999955e+03,1.487042842063614678e+01,7.644846442542007402e-08,1.714394864358001769e+01,1.184138651630264369e-07,9.163082584925298590e+01,2.741565338462821324e-06,2.838394929287408794e-04,8.853571923875510988e-16
1.516720000000000027e+03,1.405801663676572666e+01,8.094590011115418507e-08,1.620801763186655720e+01,1.253607742539986391e-07,8.648038682439226932e+01,2.872191818515137456e-06,3.007438794597020208e-04,1.053150519796216392e-15
1.431460000000000036e+03,1.328972920247561440e+01,8.568689536116729940e-08,1.532278419535157710e+01,1.326816206166972343e-07,8.161902921605812367e+01,3.008864277397728147e-06,3.186566558377890309e-04,1.252763341246257307e-15
1.350990000000000009e+03,1.256319890506632042e+01,9.073640287723856743e-08,1.448553297512435556e+01,1.404816017052913361e-07,7.703078797482555728e+01,3.151845674802356963e-06,3.376370337616149838e-04,1.490219642240562039e-15
1.275049999999999955e+03,1.187620065072639797e+01,9.606908421896092704e-08,1.369370524573410286e+01,1.487179083045694161e-07,7.270083841191430452e+01,3.301392290982340154e-06,3.577461714269643527e-04,1.772658345224424220e-15
1.203380000000000109e+03,1.122650748036537216e+01,1.017283361058059665e-07,1.294474025125215277e+01,1.574607979963252978e-07,6.861435583850169451e+01,3.457805421433329169e-06,3.790525482139600155e-04,2.108619983849204917e-15
1.135730000000000018e+03,1.061197745141937787e+01,1.077221187167185906e-07,1.223617826726254343e+01,1.667201912316388459e-07,6.475708574605278045e+01,3.621411528513231726e-06,4.016308937963790197e-04,2.508311056699462114e-15
1.071890000000000100e+03,1.003081059321149127e+01,1.140728633408370296e-07,1.156594643801363276e+01,1.765329143188035763e-07,6.111705434738780696e+01,3.792485476511428695e-06,4.255513667417963608e-04,2.983705998817358715e-15
1.011639999999999986e+03,9.481098282680507694e+00,1.208175171250380361e-07,1.093183987090652920e+01,1.869582002672004705e-07,5.768171767491944024e+01,3.971367613247211584e-06,4.508958264988576739e-04,3.549185561527593647e-15
9.547720000000000482e+02,8.961071651296260043e+00,1.279657703909809144e-07,1.033184020305818684e+01,1.980099646117843289e-07,5.443921597742428986e+01,4.158418719715889061e-06,4.777520217087260872e-04,4.221897270529009265e-15
9.011019999999999754e+02,8.469165314295187486e+00,1.355293805643720681e-07,9.764153091649440341e+00,2.097065492770815946e-07,5.137905793648862129e+01,4.353973877953570368e-06,5.062071247683279937e-04,5.022093834450311884e-15
8.504489999999999554e+02,8.003806135606113870e+00,1.435490600880434531e-07,9.226964860647088429e+00,2.221134551601883907e-07,4.849092328774145244e+01,4.558405878700795875e-06,5.363569734644543221e-04,5.973953787338399952e-15
8.026430000000000291e+02,7.563525707693574240e+00,1.520846268976639131e-07,8.718586545010564848e+00,2.353271229723600672e-07,4.576511896515300748e+01,4.772100186037815841e-06,5.683027831907749503e-04,7.106232540964971578e-15
7.575249999999999773e+02,7.146947682435503602e+00,1.611372424355147217e-07,8.237432854794828785e+00,2.493494871184875062e-07,4.319257891895331625e+01,4.995450820390119418e-06,6.021507538086686697e-04,8.453095421008867184e-15
7.149429999999999836e+02,6.752711564296187241e+00,1.707447098814159878e-07,7.781919295450009599e+00,2.642410125007428570e-07,4.076463677128526797e+01,5.228876977588526803e-06,6.380148468102291503e-04,1.005523965186615355e-14
6.747540000000000191e+02,6.379610975653595695e+00,1.809520541718615311e-07,7.350669743745186224e+00,2.800766251760151307e-07,3.847313875417853524e+01,5.472806149753166981e-06,6.760156254361320005e-04,1.196107673573854548e-14
6.368250000000000455e+02,6.026488865743621304e+00,1.918210146420931457e-07,6.942353470016988659e+00,2.969563831580888945e-07,3.631050148375401676e+01,5.727690959195674931e-06,7.162787985225004981e-04,1.422808221452072465e-14
6.010280000000000200e+02,5.692235017051349821e+00,2.033445988363195650e-07,6.555691483512856799e+00,3.148701417046560213e-07,3.426942664360703361e+01,5.993996845045548359e-06,7.589400897033878870e-04,1.692476171705600878e-14
5.672430000000000518e+02,5.375801237903228724e+00,2.156386123686009833e-07,6.189476798365094012e+00,3.340079077297696951e-07,3.234307206918904853e+01,6.272209734732380058e-06,8.041425674696253125e-04,2.013257105901052179e-14
5.353569999999999709e+02,5.076214386116717492e+00,2.287151806892989861e-07,5.842589191956682804e+00,3.543935934736347211e-07,3.052499472215149723e+01,6.562833712630061623e-06,8.520375008440913937e-04,2.394838426209985196e-14
5.052629999999999768e+02,4.792546117437570530e+00,2.426282732260606841e-07,5.513959854967380281e+00,3.761193570419586299e-07,2.880909367230681539e+01,6.866389058568059187e-06,9.027857532164764104e-04,2.848748988975664212e-14
4.768609999999999900e+02,4.523931606008575912e+00,2.574664592651996182e-07,5.202592778927173534e+00,3.993370700025429387e-07,2.718966711567810535e+01,7.183418265350576975e-06,9.565559679497979972e-04,3.388685433174223206e-14
4.500559999999999832e+02,4.269508935872550204e+00,2.732864215159660117e-07,4.907468571983024219e+00,4.241447794070431746e-07,2.566129833841238295e+01,7.514479392775809762e-06,1.013527722150468074e-03,4.030946196609043819e-14
4.247570000000000050e+02,4.028448922224881379e+00,2.901710111911816079e-07,4.627606228097322472e+00,4.506868214862452755e-07,2.421879869873241731e+01,7.860174636734309421e-06,1.073894554419254146e-03,4.794960486017793419e-14
4.008809999999999718e+02,3.800154825707418471e+00,3.082003645405082049e-07,4.362376414860957397e+00,4.791077774627458942e-07,2.285743569913634232e+01,8.221086440870689613e-06,1.137854439554938663e-03,5.703746891865585407e-14
3.783460000000000036e+02,3.583935033203065501e+00,3.274508712718408450e-07,4.110979946967239229e+00,5.095533789028024748e-07,2.157253386005278983e+01,8.597877605304729692e-06,1.205627181115742326e-03,6.784833914231783913e-14
3.570790000000000077e+02,3.379018087964650974e+00,3.480236947265013981e-07,3.872431879744241190e+00,5.422042881684368045e-07,2.035993086426231713e+01,8.991160469823720965e-06,1.277432212050868621e-03,8.070746913878702430e-14
3.370059999999999718e+02,3.185025222414135104e+00,3.700163469410740991e-07,3.646418430031798330e+00,5.772511076621660507e-07,1.921540737636401630e+01,9.401659769401437061e-06,1.353519556515042025e-03,9.600497869625841156e-14
3.180629999999999882e+02,3.001270506230342416e+00,3.935405051334087953e-07,3.432039358442305232e+00,6.149026412605741007e-07,1.813531424139851822e+01,9.830023498784163849e-06,1.434131621240784457e-03,1.142002876793267362e-13
3.001840000000000259e+02,2.827445016440705672e+00,4.199230905478549842e-07,3.229042771886549978e+00,6.575502598981707036e-07,1.711588826816405984e+01,1.027703047294711119e-05,1.519548674548932025e-03,1.358451148324899927e-13
2.833100000000000023e+02,2.663026931609271397e+00,4.482944360924180152e-07,3.036753009443930118e+00,7.036889524444569083e-07,1.615376539174899051e+01,1.074341776596347741e-05,1.610053270267261657e-03,1.615923991882706035e-13
2.673840000000000146e+02,2.508009241107014287e+00,4.787418421008744464e-07,2.855222399978480929e+00,7.535029420479775828e-07,1.524569558779392686e+01,1.122998711694408123e-05,1.705951679180502676e-03,1.922208033408329970e-13
2.523540000000000134e+02,2.362091325612743375e+00,5.110183348943782485e-07,2.684140591370218321e+00,8.066114838339947551e-07,1.438871390849496557e+01,1.173749571803553705e-05,1.807556743992525883e-03,2.286525507383997556e-13
2.381690000000000111e+02,2.224968102026568140e+00,5.442554586173778762e-07,2.523198781499154109e+00,8.615070094747202961e-07,1.357991243731145481e+01,1.226681621344958843e-05,1.915212157086114636e-03,2.719887387121006727e-13
2.247810000000000059e+02,2.096736992314542025e+00,5.761682377213486774e-07,2.372604212628004916e+00,9.140302409859095675e-07,1.281655430741708024e+01,1.281883109423436165e-05,2.029282513439273176e-03,3.235398785224517349e-13
2.121450000000000102e+02,1.977779916383106684e+00,5.995681472555356686e-07,2.232967283964701899e+00,9.509249468807788881e-07,1.209607370604229537e+01,1.339445338833109940e-05,2.150152676986984059e-03,3.848648115750455578e-13
2.002199999999999989e+02,1.868728646584457920e+00,5.928351455939977073e-07,2.105183018088957247e+00,9.320645985892227462e-07,1.141613289259247033e+01,1.399455425475979797e-05,2.278214589411583536e-03,4.578088940958186602e-13
1.989830000000000041e+02,1.857690239814060895e+00,5.890461925854190403e-07,2.092280299981293279e+00,9.242975149699479825e-07,1.134560150124778133e+01,1.406033146824248954e-05,2.292377356007839918e-03,4.664001407804741015e-13
1.977529999999999859e+02,1.846790880116130129e+00,5.846820315330337316e-07,2.079556942387103646e+00,9.154203102967094346e-07,1.127546923568641546e+01,1.412643687079725207e-05,2.306635660382875142e-03,4.751572417656794286e-13
1.965310000000000059e+02,1.836041657286881179e+00,5.798494735912836721e-07,2.067026227444479503e+00,9.056133019177129012e-07,1.120579311401243316e+01,1.419281559588683483e-05,2.320977962991699946e-03,4.840758331698001818e-13
1.953170000000000073e+02,1.825440357948439063e+00,5.747083827449413329e-07,2.054681750093241721e+00,8.951514483048736046e-07,1.113657313622747935e+01,1.425946557198241354e-05,2.335404078095796882e-03,4.931584253388195105e-13
1.941100000000000136e+02,1.814905142285175854e+00,5.694944900459598304e-07,2.042381819258269449e+00,8.844427917699832936e-07,1.106775228422989699e+01,1.432644040185288264e-05,2.349925900655448763e-03,5.024153069313220845e-13
1.929099999999999966e+02,1.804521617736928984e+00,5.645182234633087989e-07,2.030279278606700988e+00,8.740286057831726128e-07,1.099933055802039306e+01,1.439373958964591373e-05,2.364543646305897889e-03,5.118495985194166346e-13
1.917179999999999893e+02,1.794303357662557774e+00,5.601572676141426614e-07,2.018390274751027835e+00,8.645719419735867820e-07,1.093136497570568011e+01,1.446130558310158589e-05,2.379245104897018039e-03,5.214563009065409448e-13
1.905329999999999870e+02,1.784244860160672186e+00,5.568511891345717096e-07,2.006709382458542024e+00,8.568455832009577904e-07,1.086379851918082551e+01,1.452919350362862676e-05,2.394042560658101847e-03,5.312463642978181971e-13
1.893559999999999945e+02,1.774358881106817609e+00,5.550694637947954370e-07,1.995252037288375746e+00,8.516780681543846652e-07,1.079668820655571615e+01,1.459734440488883372e-05,2.408923453061354372e-03,5.412144381248846778e-13
1.881860000000000070e+02,1.764634876579129985e+00,5.552794505672522439e-07,1.984003165842347594e+00,8.498944736435939194e-07,1.072997701972456319e+01,1.466581443365998223e-05,2.423900330114648824e-03,5.513719288455175351e-13
1.870229999999999961e+02,1.754987166581398528e+00,5.578491325706022729e-07,1.972806801848531633e+00,8.521501153276685125e-07,1.066366495868791375e+01,1.473460267652574180e-05,2.438973311543795632e-03,5.617221204810835041e-13
1.858669999999999902e+02,1.745516074144875418e+00,5.630773383195042311e-07,1.961841931602521738e+00,8.589703249606923600e-07,1.059775202344737544e+01,1.480370813526664407e-05,2.454142498363682656e-03,5.722683338574714931e-13
1.847189999999999941e+02,1.736236068313192771e+00,5.710804288706797446e-07,1.951125939943618715e+00,8.705573679292407894e-07,1.053229523211506979e+01,1.487306898284923469e-05,2.469394603803325670e-03,5.830044573486292277e-13
1.835769999999999982e+02,1.727134992122935753e+00,5.817416092759669672e-07,1.940646665356575484e+00,8.866955222584915601e-07,1.046718054847046098e+01,1.494280488506139394e-05,2.484756259613327221e-03,5.939525827805726006e-13
1.824430000000000121e+02,1.718238598618217372e+00,5.945640238264365274e-07,1.930435341881011846e+00,9.065018977302316799e-07,1.040252200873884902e+01,1.501279244178105466e-05,2.500200599090267144e-03,6.050969504451904564e-13
1.813160000000000025e+02,1.709528024004405733e+00,6.089664544630627288e-07,1.920462349984066730e+00,9.289103207953677166e-07,1.033826259481064724e+01,1.508309102255778167e-05,2.515741004127653672e-03,6.164504714710084355e-13
1.801949999999999932e+02,1.700959461726713862e+00,6.237155434900061327e-07,1.910651526796608657e+00,9.516986736958903825e-07,1.027434528857217089e+01,1.515376254565687961e-05,2.531391514097244399e-03,6.280270763382503256e-13
1.790819999999999936e+02,1.692609364207529721e+00,6.369501044424716443e-07,1.901124643014000748e+00,9.714962815355834784e-07,1.021088412625425157e+01,1.522467937023657252e-05,2.547124176847758228e-03,6.398096221287240829e-13
1.779749999999999943e+02,1.684467323984029319e+00,6.480934620865534135e-07,1.891871063915490758e+00,9.872565154742674833e-07,1.014776507162829233e+01,1.529596729323069070e-05,2.562967213187332133e-03,6.518228321154096067e-13
1.768750000000000000e+02,1.676547833368676521e+00,6.567340572495942238e-07,1.882908196653054089e+00,9.981734157684221990e-07,1.008504514281085740e+01,1.536756119976348628e-05,2.578906502731642507e-03,6.640598359219963775e-13
1.757820000000000107e+02,1.668861260888323095e+00,7.645942311930597610e-07,1.874248985646793431e+00,1.187091095835785646e-06,1.002272433980464861e+01,1.543945925508065305e-05,2.594941948259628286e-03,6.765242471233485157e-13
1.746959999999999980e+02,1.661415885343264787e+00,8.745809734223803604e-07,1.865904501768020252e+00,1.380270107785794611e-06,9.960802662611746072e+00,1.551165952278421570e-05,2.611073426991774617e-03,6.892197062041819465e-13
1.736160000000000139e+02,1.654213551528272097e+00,8.923972874978960538e-07,1.857878916876121389e+00,1.406720508294470874e-06,9.899223093114448702e+00,1.558422750186231462e-05,2.627315922649801471e-03,7.021620119697017587e-13
1.725440000000000111e+02,1.647284252734565246e+00,9.168778769858062326e-07,1.850208253004669290e+00,1.444623070498740987e-06,9.838099667554626393e+00,1.565702665707539420e-05,2.643639182051195878e-03,7.153308928185689357e-13
1.714770000000000039e+02,1.640613608964514025e+00,9.485183259218888336e-07,1.842879286906493164e+00,1.494812394621319768e-06,9.777261331571331482e+00,1.573025955932450375e-05,2.660088972856812159e-03,7.287673958784469328e-13
1.704180000000000064e+02,1.634244366708648810e+00,9.877304065018643294e-07,1.835943522221076041e+00,1.557972099230916069e-06,9.716879139531419796e+00,1.580371903588167882e-05,2.676619104466443615e-03,7.424379643427648879e-13
1.693650000000000091e+02,1.628175568962952235e+00,1.034819019978211761e-06,1.829403917805403568e+00,1.634579400746893546e-06,9.656839055192731891e+00,1.587754136117807812e-05,2.693260545346314819e-03,7.563722082917672043e-13
1.683180000000000121e+02,1.622427679048915605e+00,1.089828247688933195e-06,1.823288159978127654e+00,1.724633813061036261e-06,9.597141078555026183e+00,1.595172619601560726e-05,2.710013604909205891e-03,7.705749283555204891e-13
1.672779999999999916e+02,1.617033257057220563e+00,1.152445280520943372e-06,1.817638189240218249e+00,1.827483091717455163e-06,9.537842227744521395e+00,1.602620113451737541e-05,2.726862274850917669e-03,7.850369116285692536e-13
1.662439999999999998e+02,1.612007613669750539e+00,1.222005685579362158e-06,1.812477371446038266e+00,1.941825698541844888e-06,9.478885484638281511e+00,1.610103614436496735e-05,2.743822725898660553e-03,7.997764614989077218e-13
1.652170000000000130e+02,1.607394359386973504e+00,1.297572361588928965e-06,1.807861348120940015e+00,2.065856771257733052e-06,9.420327867364150620e+00,1.617615709455726448e-05,2.760878498269017656e-03,8.147837526171869692e-13
1.641959999999999980e+02,1.603212259918711080e+00,1.378093553410171680e-06,1.803818394199923958e+00,2.197550795243913572e-06,9.362112357797553130e+00,1.625163527975908312e-05,2.778046118191582984e-03,8.300778700593393799e-13
1.631810000000000116e+02,1.599489578145453450e+00,1.462556904024827099e-06,1.800387650965177500e+00,2.334936847327827816e-06,9.304238955938567202e+00,1.632746991691340019e-05,2.795325791398590737e-03,8.456638820251555486e-13
1.621730000000000018e+02,1.596282574367270835e+00,1.550142093069987055e-06,1.797640977477878765e+00,2.476360974776773907e-06,9.246764679919396102e+00,1.640358422786870472e-05,2.812700359995703829e-03,8.615309809421643376e-13
1.611709999999999923e+02,1.593634962348885686e+00,1.640300437689233450e-06,1.795636524308402926e+00,2.620619153078494406e-06,9.189632511612330745e+00,1.648005155406578672e-05,2.830186900658293765e-03,8.776994946014016935e-13
1.601750000000000114e+02,1.591605813676840064e+00,1.732799643132962183e-06,1.794450998518638318e+00,2.767025922440215886e-06,9.132842451018358787e+00,1.655687082537168079e-05,2.847785549674794643e-03,8.941746435746952356e-13
1.591850000000000023e+02,1.590259814796254778e+00,1.827748465265978121e-06,1.794168071548010834e+00,2.915439457705626674e-06,9.076394498138272482e+00,1.663404087918191987e-05,2.865496421401359482e-03,9.109617066824944562e-13
1.582009999999999934e+02,1.589777108087523816e+00,1.925961860449576706e-06,1.795006841969421396e+00,3.066824865471742613e-06,9.020288652974336685e+00,1.671156046277624233e-05,2.883319607528070459e-03,9.280660199507496212e-13
1.572239999999999895e+02,1.590328644080345022e+00,2.028651581883246744e-06,1.797177732576691334e+00,3.222705851524875210e-06,8.964581933664090840e+00,1.678934817991814971e-05,2.901236723343214065e-03,9.454749345738605303e-13
1.562520000000000095e+02,1.591823163587030132e+00,2.136901861961868279e-06,1.800589834656349586e+00,3.384250053515147988e-06,8.909160303936848990e+00,1.686756180966238986e-05,2.919284488622079284e-03,9.632295260786684136e-13
1.552870000000000061e+02,1.594430006366096997e+00,2.253160146106339839e-06,1.805456775835494021e+00,3.554560824475705990e-06,8.854137800069839415e+00,1.694603884905551691e-05,2.937425780725737116e-03,9.812987370595295017e-13
1.543269999999999982e+02,1.598320307497131498e+00,2.381397975392031560e-06,1.812001065569955882e+00,3.738692780316005919e-06,8.799400385787198076e+00,1.702493518639539984e-05,2.955698189371680322e-03,9.997255604330086174e-13
1.533729999999999905e+02,1.603800371895225396e+00,2.528560881611095412e-06,1.820610416725351621e+00,3.945463282085739389e-06,8.745005079228970857e+00,1.710417832617019011e-05,2.974082998294934853e-03,1.018497104370583749e-12
1.524259999999999877e+02,1.611420167624054933e+00,2.708840461861177054e-06,1.831974129158488340e+00,4.192897677699428200e-06,8.691008898540427907e+00,1.718367693837149202e-05,2.992560513909979254e-03,1.037598596524621599e-12
1.514840000000000089e+02,1.622076416920143593e+00,2.958428029472122453e-06,1.847227319887928543e+00,4.526719040546266619e-06,8.637297807439818342e+00,1.726359692602134888e-05,3.011169668428516268e-03,1.057076065518720848e-12
1.505480000000000018e+02,1.693047498015626706e+00,3.968578457677295690e-06,1.942897001259413337e+00,5.767853248260209473e-06,9.266182317966553228e+00,1.704107200761879906e-05,3.029890952899398204e-03,1.076915330934845146e-12
1.496169999999999902e+02,1.701914103328212358e+00,4.534382834724261807e-06,1.963437316060981930e+00,6.341358210710665506e-06,9.993944073594470012e+00,1.662347027142163734e-05,3.048744596298782420e-03,1.097144175163141075e-12
1.486930000000000121e+02,1.684873528273205689e+00,5.068876126587019965e-06,1.949660498870892544e+00,6.969427362174549428e-06,1.071794462567591744e+01,1.610522651282294250e-05,3.067689920307110213e-03,1.117724976262534343e-12
1.477740000000000009e+02,1.676923394909795251e+00,5.785527246520897173e-06,1.946301343340434364e+00,7.745160373044435468e-06,1.144022391386971194e+01,1.550187998142006469e-05,3.086767728679150249e-03,1.138708172761515430e-12
1.468609999999999900e+02,1.672901951713298585e+00,6.641305161914423556e-06,1.947380149249592129e+00,8.680389385532501524e-06,1.216015917344239661e+01,1.482191123006428027e-05,3.105957410886182185e-03,1.160077703833752651e-12
1.459530000000000030e+02,1.671724164987386629e+00,7.530192700996153640e-06,1.951992174538599079e+00,9.606468312858301541e-06,1.287697691314009063e+01,1.407075935925022929e-05,3.125280112526232501e-03,1.181863832980885898e-12
1.450509999999999877e+02,1.671788980241942557e+00,8.758964034116522185e-06,1.957701765152622730e+00,1.108727238564127489e-05,1.359180748160531316e+01,1.325019163097965641e-05,3.144714653266863624e-03,1.204049488356128512e-12
1.441550000000000011e+02,1.673527785815815516e+00,9.303086082790222488e-06,1.965571399169452116e+00,1.127227770302075544e-05,1.430475359833409499e+01,1.236187261906934665e-05,3.164260705784192711e-03,1.226640743345051406e-12
1.432640000000000100e+02,1.676366999786844891e+00,1.058766553199892531e-05,1.974734464115806443e+00,1.274231482503217439e-05,1.501669916293123208e+01,1.140563033205842498e-05,3.183940130623436667e-03,1.249669864487389458e-12
1.423789999999999907e+02,1.680350135665719558e+00,1.146651477780206562e-05,1.985399787083185874e+00,1.342900522020049902e-05,1.572691959347272217e+01,1.038291737562577457e-05,3.203730856855156392e-03,1.273118116100166142e-12
1.414989999999999952e+02,1.685380488986711445e+00,1.303675435086061941e-05,1.997473439180499355e+00,1.530794640987295354e-05,1.643628179285376945e+01,9.292593210741166020e-06,3.223655237294951233e-03,1.297019182248510188e-12
1.406250000000000000e+02,1.690566400182617279e+00,1.452335019596825904e-05,2.009428038148686202e+00,1.698739962804428469e-05,1.714327579167084181e+01,8.136797747113769385e-06,3.243690589428981346e-03,1.321353144473193969e-12
1.397560000000000002e+02,1.695690066010737684e+00,1.592524466277236278e-05,2.020928213788557137e+00,1.846607208967743067e-05,1.784804490868242155e+01,6.915042311695512020e-06,3.263859768549854865e-03,1.346155160975843007e-12
1.388919999999999959e+02,1.702364562142277382e+00,1.743115568624080516e-05,2.034901530473491427e+00,2.008022486139802662e-05,1.855205543349506669e+01,5.624572405454455267e-06,3.284163108361750662e-03,1.371433676532543779e-12
1.380339999999999918e+02,1.709513618855834638e+00,1.900478974131851708e-05,2.049444677519318248e+00,2.176564658567883712e-05,1.925453433008974713e+01,4.266151263165225467e-06,3.304576929151638049e-03,1.397166881420365087e-12
1.371810000000000116e+02,1.716980040772275284e+00,2.066097355694950980e-05,2.064289933249777942e+00,2.354755631504755296e-05,1.995633856127656713e+01,2.837321352476128105e-06,3.325124970137287393e-03,1.423392283543137277e-12
1.363329999999999984e+02,1.724683376400340196e+00,2.239780991858929339e-05,2.079314841593901786e+00,2.542215030210365038e-05,2.065750927762164224e+01,1.337040025927760373e-06,3.345807436047250946e-03,1.450118602120795654e-12
1.354910000000000139e+02,1.732683800569735144e+00,2.420113531854894241e-05,2.094651163595926402e+00,2.736465195463669425e-05,2.135725192744885348e+01,-2.340076437441632199e-07,3.366599713581485201e-03,1.477321952731633236e-12
1.346529999999999916e+02,1.740933362987215460e+00,2.609967269099373736e-05,2.110237305344253134e+00,2.942598267097347296e-05,2.205568455271535910e+01,-1.877693696061814176e-06,3.387551397760879719e-03,1.505075867730879884e-12
1.338209999999999980e+02,1.749435841205315922e+00,2.808708144843810283e-05,2.126097302681211776e+00,3.159664827542313690e-05,2.275181071675362787e+01,-3.592397620216275837e-06,3.408612660912089046e-03,1.533323100016154605e-12
1.329939999999999998e+02,1.758161081669360026e+00,3.016814887477598816e-05,2.142172465291741101e+00,3.388187059023769376e-05,2.344737781737536508e+01,-5.383088404094855028e-06,3.429808498038241626e-03,1.562105436993860670e-12
1.321730000000000018e+02,1.767053820129839137e+00,3.233514858963803157e-05,2.158382001903146552e+00,3.626883278749908914e-05,2.414156945700033319e+01,-7.248882060111515168e-06,3.451112919001772354e-03,1.591395933393650006e-12
1.313559999999999945e+02,1.776105256752140926e+00,3.458276267123034395e-05,2.174713812241042099e+00,3.874295079706381888e-05,2.483610653404673130e+01,-9.195860655951750378e-06,3.472577912331980057e-03,1.621275198294605397e-12
1.305440000000000111e+02,1.785312531073228737e+00,3.691080849630279501e-05,2.191180028807083069e+00,4.130480197721308929e-05,2.553017418090956525e+01,-1.122323538655906779e-05,3.494177753241682356e-03,1.651717363717029307e-12
1.297369999999999948e+02,1.794619797641185510e+00,3.932712732226636873e-05,2.207696832287877164e+00,4.396676216310126600e-05,2.622379951450800206e+01,-1.333266668273987767e-05,3.515912476344927855e-03,1.682731891346497809e-12
1.289360000000000070e+02,1.803893940791672534e+00,4.182263463966816330e-05,2.224068199430216275e+00,4.671879353355416282e-05,2.691358579846797738e+01,-1.551669065486441343e-05,3.537754647497465526e-03,1.714288445941520995e-12
1.281390000000000100e+02,1.813284519573278963e+00,4.441454256335528549e-05,2.240541355608978158e+00,4.958064969654501315e-05,2.760359522658456655e+01,-1.778768579686344474e-05,3.559758773426224647e-03,1.746475441204969669e-12
1.273469999999999942e+02,1.822792615043032916e+00,4.710257624341146465e-05,2.257132387967494047e+00,5.255328552673673809e-05,2.829318101003108765e+01,-2.014505864707855475e-05,3.581897694196098728e-03,1.779263691377274767e-12
1.265600000000000023e+02,1.832398227323691842e+00,4.987686536616873242e-05,2.273815929621764820e+00,5.561980659990884405e-05,2.898236622002526630e+01,-2.259042436417955449e-05,3.604171316478848967e-03,1.812663002836595977e-12
1.257780000000000058e+02,1.842075753547287142e+00,5.277690099483215260e-05,2.290548465538227330e+00,5.884110483304188648e-05,2.967117290487419723e+01,-2.512535860899452067e-05,3.626579512474616129e-03,1.846683260281263932e-12
1.250010000000000048e+02,1.851901417625354984e+00,5.578181381906517026e-05,2.307490609749617505e+00,6.218733969832504450e-05,3.035962208502083826e+01,-2.775135794553336413e-05,3.649122118877892208e-03,1.881334423041919048e-12
1.242279999999999944e+02,1.861855622075093031e+00,5.890771696274940016e-05,2.324614097774518662e+00,6.567926691745874963e-05,3.104795977834276499e+01,-3.047144228540302435e-05,3.671828492718940112e-03,1.916672806379869330e-12
1.234609999999999985e+02,1.871924217270470869e+00,6.213852395215600170e-05,2.341899183251904937e+00,6.929718028259864793e-05,3.173273456019635219e+01,-3.327456393250179069e-05,3.694639651103726486e-03,1.952617097209932472e-12
1.226979999999999933e+02,1.882259844450213215e+00,6.547601484793144546e-05,2.359593502433975587e+00,7.303347132088035840e-05,3.241805750676993370e+01,-3.617539217457037070e-05,3.717614809412594402e-03,1.989271244380347347e-12
1.219399999999999977e+02,1.892801004795923170e+00,6.890598513112902105e-05,2.377589526684539933e+00,7.686483295851641231e-05,3.310305645611805403e+01,-3.917080096869813850e-05,3.740724108246164595e-03,2.026599266392359609e-12
1.211860000000000070e+02,1.903646733065940566e+00,7.243560940654067241e-05,2.396045257138071705e+00,8.079830374836820847e-05,3.378866034239057115e+01,-4.226493581232467948e-05,3.763998263674853823e-03,2.064662632221066331e-12
1.204369999999999976e+02,1.914803539724013515e+00,7.606143153259258037e-05,2.414962146627549266e+00,8.483025406869579581e-05,3.447398414230441688e+01,-4.545344043357995380e-05,3.787406605585289486e-03,2.103423203904728869e-12
1.196929999999999978e+02,1.926280834734445335e+00,7.978747069564236162e-05,2.434330906998546595e+00,8.896683627044506553e-05,3.515904249065523146e+01,-4.873555517488970304e-05,3.810948719513694485e-03,2.142891527426468534e-12
1.189530000000000030e+02,1.938114318572457639e+00,8.361106710462708127e-05,2.454210582279524822e+00,9.320387893950805760e-05,3.584309599282347136e+01,-5.210955335093511286e-05,3.834656383270144010e-03,2.183133246701691288e-12
1.182180000000000035e+02,1.949709354402922035e+00,8.753233737926725225e-05,2.473749148609582171e+00,9.754107598863165363e-05,3.652529922238363014e+01,-5.557206484430871068e-05,3.858497660131381644e-03,2.224106686420949765e-12
1.174879999999999995e+02,1.961074222292477742e+00,9.155120171268077021e-05,2.492956043805401034e+00,1.019754159850259109e-04,3.720723742822745095e+01,-5.913015529957416961e-05,3.882472013850758307e-03,2.265822595372836491e-12
1.167620000000000005e+02,1.974594589469006012e+00,9.567618433778830303e-05,2.515103108045212199e+00,1.065191973543174191e-04,3.788986526900198726e+01,-6.279358912375495379e-05,3.906612318102561932e-03,2.308351053656389687e-12
1.160400000000000063e+02,1.987717856988315823e+00,9.991387678304742789e-05,2.536640595653589791e+00,1.111766991112563338e-04,3.857321175371433242e+01,-6.656874991076357662e-05,3.930919191259792458e-03,2.351707312475675262e-12
1.153229999999999933e+02,2.000679621600047309e+00,1.042592844834394698e-04,2.557919626133402069e+00,1.159451626309585068e-04,3.925634957822749271e+01,-7.045658393977396712e-05,3.955358934224948234e-03,2.395844528117476318e-12
1.146110000000000042e+02,2.013590844716167449e+00,1.087174634000357337e-04,2.579079951099717327e+00,1.208312752230269815e-04,3.993928734564832439e+01,-7.446183992645988997e-05,3.979930842061785330e-03,2.440773718551518896e-12
1.139020000000000010e+02,2.027022803244051374e+00,1.132942420506575425e-04,2.600848466837467399e+00,1.258426403014012342e-04,4.062111453340133238e+01,-7.858834224914543350e-05,4.004704474407229202e-03,2.486636882821839469e-12
1.131979999999999933e+02,2.040615810974323097e+00,1.179885695863660243e-04,2.622723987597732620e+00,1.309785933663336799e-04,4.130205391193068465e+01,-8.283479609635198068e-05,4.029610455109077470e-03,2.533320609780647274e-12
1.124989999999999952e+02,2.054271779467276016e+00,1.228084401218899901e-04,2.644577791278741152e+00,1.362514536945387458e-04,4.198279382092379564e+01,-8.720511820525803028e-05,4.054647947980170690e-03,2.580836120008206454e-12
1.118040000000000020e+02,2.067948678495889148e+00,1.277632074942674036e-04,2.666355376624568674e+00,1.416691384962284034e-04,4.266432342086118013e+01,-9.170689654844761630e-05,4.079852551284487809e-03,2.629265158896256191e-12
1.111129999999999995e+02,2.081631923052267741e+00,1.328593668625252045e-04,2.688030257926093736e+00,1.472375578036331850e-04,4.334666718304941213e+01,-9.634182962350630478e-05,4.105224678739792868e-03,2.678624194933788300e-12
1.104260000000000019e+02,2.095295678631930336e+00,1.380961434774422892e-04,2.709564664741139772e+00,1.529601419912048716e-04,4.402984916302590079e+01,-1.011118622742071971e-04,4.130764718039620260e-03,2.728929913820983725e-12
1.097439999999999998e+02,2.108903662646462784e+00,1.434689365931078955e-04,2.730902082685410015e+00,1.588311946678828447e-04,4.471251417758357150e+01,-1.060099072349183152e-04,4.156435155698206922e-03,2.780123217322358674e-12
1.090660000000000025e+02,2.122379427194741375e+00,1.489757319879052961e-04,2.751936912417852987e+00,1.648460394848492961e-04,4.539260802174241860e+01,-1.110309153726999064e-04,4.182273253251791306e-03,2.832293403076381012e-12
1.083919999999999959e+02,2.135770277661854344e+00,1.546333435170926958e-04,2.772739172418855258e+00,1.710254722950995375e-04,4.607354326330234784e+01,-1.161919225201485416e-04,4.208279296353161295e-03,2.885457653470345749e-12
1.077219999999999942e+02,2.149037057709918930e+00,1.604462150068004648e-04,2.793261904382566385e+00,1.773737333436452876e-04,4.675534059553530852e+01,-1.214952208837470041e-04,4.234453540407931947e-03,2.939633356186089579e-12
1.070559999999999974e+02,2.162141386136827048e+00,1.664175362121058884e-04,2.813460140506044205e+00,1.838940246570212281e-04,4.743801979166966731e+01,-1.269431634635433950e-04,4.260796209526972016e-03,2.994838101537047288e-12
1.063949999999999960e+02,2.175090965371775376e+00,1.725416430785482985e-04,2.833336600548618911e+00,1.905802905078259469e-04,4.812056322092217187e+01,-1.325295547426642037e-04,4.287267199396226081e-03,3.051003649317594081e-12
1.057369999999999948e+02,2.187884798328914471e+00,1.788406822423076127e-04,2.852900184614580947e+00,1.974566199444815074e-04,4.880505372439446887e+01,-1.382737132614805678e-04,4.313946757341931282e-03,3.108317884574458689e-12
1.050840000000000032e+02,2.200452969826159233e+00,1.852902654654675976e-04,2.872054416825250200e+00,2.044962108065865171e-04,4.948784123630579757e+01,-1.441525347026623399e-04,4.340753899993124443e-03,3.166624658675817565e-12
1.044350000000000023e+02,2.213037843636929125e+00,1.918976899851404570e-04,2.891082039954582239e+00,2.117073591908354114e-04,5.016901710205915066e+01,-1.501718366002888780e-04,4.367728992277677101e-03,3.226028202012178948e-12
1.037890000000000015e+02,2.226045622311008110e+00,1.986907340885551987e-04,2.910470163507918429e+00,2.191199839448669225e-04,5.085205950065042657e+01,-1.563560369799824360e-04,4.394914408950002099e-03,3.286641891490674399e-12
1.031479999999999961e+02,2.238869977560776992e+00,2.056517769572644761e-04,2.929506967153694852e+00,2.267149555549139339e-04,5.153496419166179265e+01,-1.626883952922313461e-04,4.422225984959071883e-03,3.348296667839268164e-12
1.025100000000000051e+02,2.251517270403907034e+00,2.128065806201668089e-04,2.948209506986654738e+00,2.345203145531600465e-04,5.221987422328848538e+01,-1.691910740552218480e-04,4.449748903796345821e-03,3.411203754780146290e-12
1.018769999999999953e+02,2.263978016291078088e+00,2.201367809762850333e-04,2.966557293208366364e+00,2.425158793329584492e-04,5.290465329591780375e+01,-1.758460650921535198e-04,4.477396804999051599e-03,3.475184885197201205e-12
1.012469999999999999e+02,2.276263532082824614e+00,2.276687558808373221e-04,2.984570990501707044e+00,2.507307751755128702e-04,5.359147454984873349e+01,-1.826767600256326497e-04,4.505256930099742901e-03,3.540461390822993774e-12
1.006219999999999999e+02,2.288299866941784888e+00,2.353645706156819888e-04,3.002144374312107455e+00,2.591232746235701333e-04,5.427520707988632154e+01,-1.896468338319173244e-04,4.533240667479791070e-03,3.606845287942074552e-12
1.000000000000000000e+02,2.300130515333910886e+00,2.432615986707635308e-04,3.019341538559924487e+00,2.677342682974315213e-04,5.495959696585737930e+01,-1.967891048856083120e-04,4.561437364073447388e-03,3.674568484400311602e-12
9.232666380908420933e+01,2.339589370105447763e+00,3.645022464556359567e-04,3.084553983038215819e+00,3.998687234409396417e-04,6.383967872515932385e+01,-3.048430956489936710e-04,4.940540829145214502e-03,4.669010620306138645e-12
8.524212850115659990e+01,2.338804088412516968e+00,5.296662706831328435e-04,3.085053326546355112e+00,5.798081792594647101e-04,7.283740049639888525e+01,-4.457647283318618586e-04,5.351151625459024154e-03,5.932576794054884433e-12
7.870121340497037465e+01,2.299761013001254017e+00,7.502647045215907499e-04,3.024281548967855837e+00,8.208078240838092253e-04,8.198615733054211319e+01,-6.042711208250991410e-04,5.795888290411567965e-03,7.538099488041035157e-12
7.266220471407692116e+01,2.230429348209171714e+00,1.045124633491508522e-03,2.916169273869921419e+00,1.143778307098343959e-03,9.132206961126857436e+01,-7.683005720129092338e-04,6.277586882151493276e-03,9.578121661017999441e-12
6.708658946263433620e+01,2.139469069097910570e+00,1.439498895797929534e-03,2.775759083609829592e+00,1.576983013755862235e-03,1.008947396878138960e+02,-9.158287087094021863e-04,6.799319449064426119e-03,1.217023093281702326e-11
6.193880991414691550e+01,2.033527531331603022e+00,1.966072369834984818e-03,2.614540359846989848e+00,2.157686826507442153e-03,1.107568509102209617e+02,-9.946092556173712681e-04,7.364413013750471457e-03,1.546383733655863267e-11
5.718603679678211194e+01,1.917234555820137132e+00,2.668575210020135251e-03,2.440452336195312100e+00,2.936573621149476954e-03,1.209620390350292922e+02,-9.082975965741384725e-04,7.976471214848490296e-03,1.964878530150928921e-11
5.279795993910421004e+01,1.793878089527284114e+00,3.605927486799773325e-03,2.259048771017614143e+00,3.983325684178684427e-03,1.315641190073224891e+02,-4.860703254965688933e-04,8.639397058115260916e-03,2.496629625332044011e-11
4.874659497103171191e+01,1.665967217760563113e+00,4.858452333494926202e-03,2.074453854084197246e+00,5.395152453594678592e-03,1.426169736154897691e+02,5.676613407814340082e-04,9.357417935856378322e-03,3.172287254395080270e-11
4.500610485728039833e+01,1.535578111135211810e+00,6.537575909114985880e-03,1.889939533628217427e+00,7.310186621695696427e-03,1.541748502809161039e+02,2.756446331775339910e-03,1.013511268566278344e-02,4.030796411229484284e-11
4.155263512514519419e+01,1.404543614039925004e+00,8.801432846282901054e-03,1.708236629902830650e+00,9.928865343344842401e-03,1.662927702545520674e+02,6.929214107304932681e-03,1.097744038876822398e-02,5.121641614598888427e-11
3.836416173580824562e+01,1.274548574590518069e+00,1.188036066119557352e-02,1.531690663261116914e+00,1.354839216447101605e-02,1.790269334850618748e+02,1.450680308645015647e-02,1.188977229374069480e-02,6.507699156765527822e-11
3.542035062899298481e+01,1.147169915141101670e+00,1.611879757010790254e-02,1.362331713428917901e+00,1.861821580604272608e-02,1.924350869080121811e+02,2.785401032703875915e-02,1.287792592878740823e-02,8.268861229759237886e-11
3.270242804522919755e+01,1.023883381292868489e+00,2.204387019500736455e-02,1.201897278282735293e+00,2.582889542211088893e-02,2.065769104632510675e+02,5.088726803226038820e-02,1.394820167727025412e-02,1.050664081087766025e-10
3.019306079872641391e+01,9.060494861285910417e-01,3.047673586683947999e-02,1.051830319808962910e+00,3.625296058054038040e-02,2.215143708195592467e+02,9.005961811333827727e-02,1.510742539763349455e-02,1.335002271344852596e-10
2.787624573731253363e+01,7.925301548646315197e-01,4.338105649892722016e-02,9.100806621485798553e-01,5.241484318402969689e-02,2.393540896808607954e+02,1.602909840986891932e-01,1.636298692108006242e-02,1.696289802952185303e-10
2.573720768448271201e+01,6.843903509174007471e-01,6.385888199679919108e-02,7.779304381220212283e-01,7.828179981006537502e-02,2.605737009952042058e+02,2.877845515788349240e-01,1.772289207861706475e-02,2.155351043175627319e-10
2.376230521269814133e+01,5.851595971674565799e-01,9.593043402281672960e-02,6.594861581913420423e-01,1.188797060034942482e-01,2.834585917369913659e+02,5.092015285708213490e-01,1.919581117904646181e-02,2.738645878385287711e-10
2.193894364701630550e+01,4.958321691258073538e-01,1.469082683184741167e-01,5.552209478348075766e-01,1.831360713314370836e-01,3.081540135371272982e+02,8.900039284178048460e-01,2.079113468310304913e-02,3.479794774617325784e-10
2.025549474424518337e+01,4.170087733223980520e-01,2.286284801221045715e-01,4.651102273541687926e-01,2.851095761625409009e-01,3.348166930581621159e+02,1.538108854179665252e+00,2.251903294501536243e-02,4.421516531610870239e-10
1.870122253538597334e+01,3.488681695628632617e-01,3.598452313188050256e-01,3.886599230458005483e-01,4.464142685335121818e-01,3.636158845470966412e+02,2.628327083634435457e+00,2.439052089178334742e-02,5.618090399637188354e-10
1.726621485843449122e+01,2.911706815368587664e-01,5.694251457128430838e-01,3.249652459374130498e-01,6.992684691413405540e-01,3.947344965468860778e+02,4.438040570941445218e+00,2.641752804379645866e-02,7.138484443539419268e-10
1.594132014490095983e+01,2.432964494627850027e-01,9.001702114005178945e-01,2.727965529840145065e-01,1.089899138193539896e+00,4.283702945478876813e+02,7.396910183244528980e+00,2.861297431894031795e-02,9.070330426351133126e-10
1.471808905691252534e+01,2.043163094806101365e-01,1.412689691539031456e+00,2.307048565346168090e-01,1.681698743780377869e+00,4.647371822107268144e+02,1.215212640771671460e+01,3.099085205020460018e-02,1.152497425314650103e-09
1.358872060269723292e+01,1.730874046047316539e-01,2.188283657391401515e+00,1.971361097492376757e-01,2.557242808824943925e+00,5.040665737739811334e+02,1.964747968491865748e+01,3.356631481514598531e-02,1.464389299436235602e-09
1.254601238680803732e+01,1.483611932595801652e-01,3.329588296243715995e+00,1.705418267459924975e-01,3.818225014496142045e+00,5.466088588678070437e+02,3.120854535441252509e+01,3.635577353138758072e-02,1.860684817805183153e-09
1.158331467781431812e+01,1.288892456976186429e-01,4.958033710743754874e+00,1.494741239378326314e-01,5.582546807900109265e+00,5.926349768756379035e+02,4.861716349688753525e+01,3.937700040172888855e-02,2.364224513621677922e-09
1.069448800053393178e+01,1.135129915337645956e-01,7.207750543589567904e+00,1.326560005422146304e-01,7.977761952218948238e+00,6.424381110792344316e+02,7.414681645942317800e+01,4.264924143516624078e-02,3.004029514899068690e-09
9.873863982355814528e+00,1.012273416310005975e-01,1.021467081624032502e+01,1.190220899842567570e-01,1.112830393866078893e+01,6.963355176489737914e+02,1.105199465035218225e+02,4.619333812627850894e-02,3.816973858822865051e-09
9.116209203955902396e+00,9.121378954327297173e-02,1.409559634966161212e+01,1.077301354061582783e-01,1.513035406176908637e+01,7.546705005337477132e+02,1.607384107492667056e+02,5.003185905929718319e-02,4.849909227043247799e-09
8.416691823869157929e+00,8.284471307477508928e-02,1.891026993555745150e+01,9.814798148354214602e-02,2.000899302951520298e+01,8.178145581124587125e+02,2.277527557931977924e+02,5.418924220741480613e-02,6.162364466825382620e-09
7.770850764070356576e+00,7.566542258082530059e-02,2.459718857601713538e+01,8.982382134790002637e-02,2.565416996477276612e+01,8.861697051303743820e+02,3.139852409374933586e+02,5.869194881450011392e-02,7.829975346719359556e-09
7.174567260048889672e+00,6.936298541382017457e-02,3.087983836047008523e+01,8.244835743402119388e-02,3.173897455889821018e+01,9.601709828989204425e+02,4.207329608750406464e+02,6.356862934997394021e-02,9.948842010106973690e-09
6.624038593941962816e+00,6.373075087992989551e-02,3.720190949876315756e+01,7.581651411808425223e-02,3.768090106112611437e+01,1.040289185558938016e+03,5.476920711060464555e+02,6.885030366625050080e-02,1.264106496224435147e-08
6.115753843212782037e+00,5.863543868123641256e-02,4.273341963499195373e+01,6.979404330488687969e-02,4.267532919796471447e+01,1.127033802302648837e+03,6.927222103275188374e+02,7.457055437972456846e-02,1.606177819835977092e-08
5.646471490214212352e+00,5.399068608362231347e-02,4.651983226245956615e+01,6.429165216773308211e-02,4.585395800059692561e+01,1.220956190491821872e+03,8.520811177080638572e+02,8.076573651492024997e-02,2.040808415106084857e-08
5.213198749845862956e+00,4.973817982001646487e-02,4.776372958423792170e+01,5.924696107744450296e-02,4.654338123685002415e+01,1.322653010989931090e+03,1.021161527124677605e+03,8.747520333557685934e-02,2.593040442363328244e-08
4.813172483469570828e+00,4.583556917379903034e-02,4.613496897755510417e+01,5.461309785758782648e-02,4.452648420765937942e+01,1.432769919070349488e+03,1.195517831511487429e+03,9.474154992920220952e-02,3.294689903560595775e-08
4.443841577364297635e+00,4.224945698140657180e-02,4.192115959765949640e+01,5.035212235117495633e-02,4.014889935286275602e+01,1.552005549846332542e+03,1.371855426040945986e+03,1.026108757071210603e-01,4.186178306429751156e-08
4.102850673341440491e+00,3.895168986999215238e-02,3.592928236168345535e+01,4.643153972642028587e-02,3.420618241760198686e+01,1.681115795660641197e+03,1.548607770188208178e+03,1.111330670828216266e-01,5.318859317042116285e-08
3.788025147764699341e+00,3.591752759858483912e-02,2.920423201851789941e+01,4.282255902897249417e-02,2.768020217942328287e+01,1.820918431853770699e+03,1.726027564510057346e+03,1.203621016262288040e-01,6.757974028364835510e-08
3.497357243180279518e+00,3.312476776561881775e-02,2.267635652278098490e+01,3.949923602087505176e-02,2.142349315328317161e+01,1.972298056759370183e+03,1.905757262326337923e+03,1.303563750139085375e-01,8.586404483063677953e-08
3.228993264113712680e+00,3.055330181166237072e-02,1.696060425102009006e+01,3.643801756049831753e-02,1.598658099424537227e+01,2.136211418125459204e+03,2.090259609571094188e+03,1.411790521013541466e-01,1.090944077459865800e-07
2.981221755376240345e+00,2.818484355962152382e-02,1.232173343553450096e+01,3.361744884142908035e-02,1.159525025138994536e+01,2.313693114238334601e+03,2.282286297783183272e+03,1.528984434247211421e-01,1.386083499767026154e-07
2.752462587489500567e+00,2.600273787273800485e-02,8.760078330932968171e+00,3.101795866787231126e-02,8.234197363987755480e+00,2.505861702752047677e+03,2.484533570438726201e+03,1.655884084017059665e-01,1.761048879851498366e-07
2.541256879622251663e+00,2.399179659385861779e-02,6.131891562910804616e+00,2.862167383677942725e-02,5.759160144224381384e+00,2.713926228653619546e+03,2.699494077164024475e+03,1.793287864136856868e-01,2.237421442250285024e-07
2.346257695774060181e+00,2.213815580170366837e-02,4.245534738805856634e+00,2.641225671815114820e-02,3.985190352867992836e+00,2.939193191681580629e+03,2.929442588634747153e+03,1.942058568285752740e-01,2.842612719397870623e-07
2.166221454872082397e+00,2.042914826593526800e-02,2.917126061462703035e+00,2.437476000966342510e-02,2.737115478296331172e+00,3.183073963707431631e+03,3.176487061888927656e+03,2.103128288459986950e-01,3.611437688264074567e-07
2.000000000000000000e+00,1.885318922074175757e-02,1.993671598904064313e+00,2.249549655995208841e-02,1.870084734390376813e+00,3.447092670212586199e+03,3.442638452244741075e+03,2.277503617930189128e-01,4.588111472158805298e-07
