1.000000000000000000e+07,7.567751499573318870e+04,2.484227879789254079e+00,8.634466286571788078e+04,3.940829821417637380e+00,5.701424288859599037e+05,2.815496233584630303e+01,4.561364671651713476e-08,6.749130750453734001e-16
9.437880000000000000e+06,7.149427959253615700e+04,2.630548528548432241e+00,8.157562884499083157e+04,4.172418812794503218e+00,5.380898504397630459e+05,2.927254135353318887e+01,4.833030218424213360e-08,8.028305438647194783e-16
8.907350000000000000e+06,6.754240513957462099e+04,2.785445336886263945e+00,7.707016391024013865e+04,4.417542515377197887e+00,5.078384093500302988e+05,3.042923720215407712e+01,5.120879051701484700e-08,9.549948244457639611e-16
8.406650000000000000e+06,6.380922789103111427e+04,2.949406115510226911e+00,7.281384977141582931e+04,4.676958800008160111e+00,4.792877518447672483e+05,3.162605523015029974e+01,5.425865713093160296e-08,1.135996322848902323e-15
7.934100000000000000e+06,6.028262220074745710e+04,3.122930739229574648e+00,6.879287730260196258e+04,4.951452290877197626e+00,4.523420854954651440e+05,3.286404652668693416e+01,5.749011731148183596e-08,1.351300649173438416e-15
7.488100000000000000e+06,5.695101520792258088e+04,3.306629550598830125e+00,6.499407187786087161e+04,5.241981257157458884e+00,4.269101792027824558e+05,3.414431185937920077e+01,6.091411791419445396e-08,1.607419249178243135e-15
7.067180000000000000e+06,5.380374040237157169e+04,3.501005254769413266e+00,6.140528964196258312e+04,5.549329535803659397e+00,4.029082143321444746e+05,3.546783894308807561e+01,6.454193294196497347e-08,1.912073509813758308e-15
6.669920000000000000e+06,5.083060264619287045e+04,3.706695246809152078e+00,5.801492040715283656e+04,5.874495625184380287e+00,3.802552229659203440e+05,3.683571066291187179e+01,6.838580975464061471e-08,2.274469011160453676e-15
6.294990000000000000e+06,4.802186628804073553e+04,3.924346991142273033e+00,5.481187776239525556e+04,6.218484750889714974e+00,3.588753688071997021e+05,3.824897821602522896e+01,7.245858264706902843e-08,2.705549549800233239e-15
5.941130000000000000e+06,4.536844546922443988e+04,4.154695178876084860e+00,5.178581541266565182e+04,6.582449054664967214e+00,3.386968067470376845e+05,3.970870936937489404e+01,7.677395114095058778e-08,3.218340885059510078e-15
5.607170000000000000e+06,4.286182391834498412e+04,4.398254492844658081e+00,4.892703474313855259e+04,6.967179908568597035e+00,3.196528233816237771e+05,4.121588008693220218e+01,8.134616423556995287e-08,3.828304396233718801e-15
5.291980000000000000e+06,4.049379487120937847e+04,4.655994830241114713e+00,4.622618954946877784e+04,7.374199681255226402e+00,3.016789858210643870e+05,4.277156882539114946e+01,8.619066417535917248e-08,4.553876994001402578e-15
4.994510000000000000e+06,3.825672652015816129e+04,4.928540451003962986e+00,4.367458965326711041e+04,7.804460197319649239e+00,2.847154226922561647e+05,4.437676476948281135e+01,9.132357231744540987e-08,5.416955473573844003e-15
4.713750000000000000e+06,3.614327304922501207e+04,5.216827273785731300e+00,4.126386666748927382e+04,8.259424713905506366e+00,2.687045431431212928e+05,4.603254929523217953e+01,9.676232600532302754e-08,6.443652626169428719e-15
4.448780000000000000e+06,3.414671208068590931e+04,5.521600288986757477e+00,3.898636520572625886e+04,8.740235033944369292e+00,2.535938882082166092e+05,4.773978586787436740e+01,1.025247360506016508e-07,7.664901048118623713e-15
4.198710000000000000e+06,3.226058785526693828e+04,5.843809089677558077e+00,3.683473217769999610e+04,9.248360535478067135e+00,2.393327092488675262e+05,4.949943595373200367e+01,1.086300796471519348e-07,9.117568143043525463e-15
3.962690000000000000e+06,3.047866123337671524e+04,6.184383286786150791e+00,3.480186161409905617e+04,9.785239657436065386e+00,2.258725381895078463e+05,5.131251741442298453e+01,1.150990849499123291e-07,1.084559475292629089e-14
3.739940000000000000e+06,2.879526956955195783e+04,6.544372126820085178e+00,3.288130245682794339e+04,1.035248306803070228e+01,2.131688984440781933e+05,5.317985031771850402e+01,1.219531127031007045e-07,1.290109116762148315e-14
3.529710000000000000e+06,2.720489828041785950e+04,6.924592809659339210e+00,3.106677274771065277e+04,1.095131535859843019e+01,2.011790237809131213e+05,5.510232583936046780e+01,1.292151894296155675e-07,1.534615499447632355e-14
3.331290000000000000e+06,2.570238229891127412e+04,7.326283759318040545e+00,2.935238870162470630e+04,1.158364904629323533e+01,1.898624286189897393e+05,5.708082681717863238e+01,1.369098470325689998e-07,1.825472215740037490e-14
3.144040000000000000e+06,2.428300664507508191e+04,7.750506665397567829e+00,2.773278089316324622e+04,1.225109495083208166e+01,1.791826191289367562e+05,5.911586737237186640e+01,1.450617795602168954e-07,2.171419825665490596e-14
2.967300000000000000e+06,2.294194005503623339e+04,8.198495600105193404e+00,2.620244275008290424e+04,1.295552807762362413e+01,1.691019601535440306e+05,6.120852302469743478e+01,1.536996525120568423e-07,2.582965132258343595e-14
2.800500000000000000e+06,2.167502387976920727e+04,8.671251000809727216e+00,2.475663791202707944e+04,1.369843496909434499e+01,1.595879490949977480e+05,6.335921101868903094e+01,1.628513320038364705e-07,3.072490462334374583e-14
2.643080000000000000e+06,2.047812011783219714e+04,9.170042151726704560e+00,2.339065307400453094e+04,1.448172786672700596e+01,1.506086532551268465e+05,6.556853047124594980e+01,1.725473633096528353e-07,3.654770260686864007e-14
2.494510000000000000e+06,1.934722424052714268e+04,9.696329401790546143e+00,2.209984599235776477e+04,1.530761624963335699e+01,1.421338501455007645e+05,6.783703680687447957e+01,1.828202244054913582e-07,4.347386935084758593e-14
2.354290000000000000e+06,1.827876113308930508e+04,1.025095808570109135e+01,2.088021117418266294e+04,1.617728416477669739e+01,1.341350281274344306e+05,7.016521560003361913e+01,1.937043586870285561e-07,5.171260693668121379e-14
2.221950000000000000e+06,1.726930552379170331e+04,1.083591455516388713e+01,1.972786665897722196e+04,1.709376199034720045e+01,1.265853860315540514e+05,7.255344415489972221e+01,2.052361417343570322e-07,6.151271031969538526e-14
2.097050000000000000e+06,1.631560362968912341e+04,1.145216990158960613e+01,1.863910180064548331e+04,1.805840864682789615e+01,1.194598334090842545e+05,7.500193850385022643e+01,2.174537511132330117e-07,7.316978883536066396e-14
1.979170000000000000e+06,1.541457282949289583e+04,1.210117301862358374e+01,1.761040575815287593e+04,1.907333540887003309e+01,1.127344200539659942e+05,7.751090374564755336e+01,2.303980617675641101e-07,8.703586532094674080e-14
1.867910000000000000e+06,1.456324883933154888e+04,1.278462873174022718e+01,1.663839845714555850e+04,2.014105014267026661e+01,1.063863360144250910e+05,8.008053437372690553e+01,2.441128997216908790e-07,1.035304078727131569e-13
1.762910000000000000e+06,1.375897080307294891e+04,1.350369747095589368e+01,1.572004715209582173e+04,2.126314697613802807e+01,1.003950528104666009e+05,8.271048772530470217e+01,2.586423653035343043e-07,1.231493879395116043e-13
1.663820000000000000e+06,1.299916095017402949e+04,1.425979869089153773e+01,1.485241505611750472e+04,2.244162867770621617e+01,9.474061188181432954e+04,8.540050192717235689e+01,2.740342182836720493e-07,1.464836429755065677e-13
1.570290000000000000e+06,1.228121025848343743e+04,1.505465587424202489e+01,1.403252651057401454e+04,2.367898394372427973e+01,8.940305376041366253e+04,8.815076499467058113e+01,2.903424990755240024e-07,1.742418312356670356e-13
1.482020000000000000e+06,1.160290808096199180e+04,1.588940142439356507e+01,1.325786216693865936e+04,2.497664846730058130e+01,8.436527142725678277e+04,9.096045787374225711e+01,3.076192853845351685e-07,2.072582946618489065e-13
1.398710000000000000e+06,1.096202044251513689e+04,1.676635875277790433e+01,1.252587634063728547e+04,2.633798820097097959e+01,7.961015713564904581e+04,9.382910743518932861e+01,3.259227451638243786e-07,2.465308065580919329e-13
1.320090000000000000e+06,1.035655504795982597e+04,1.768650990106463894e+01,1.183429682110097929e+04,2.776416036723158243e+01,7.512231458257442864e+04,9.675560696176874842e+01,3.453113594632365149e-07,2.932388807603742875e-13
1.245880000000000000e+06,9.784418801639529192e+03,1.865156206473852407e+01,1.118073891453316901e+04,2.925744531814620686e+01,7.088577577102821670e+04,9.973964013299416820e+01,3.658535711448252637e-07,3.488020684872903564e-13
1.175850000000000000e+06,9.243907592289853710e+03,1.966295152900444521e+01,1.056325868116069250e+04,3.081966215442309576e+01,6.688742615046088758e+04,1.027793302851972186e+02,3.876122106940608991e-07,4.148821619143437383e-13
1.109750000000000000e+06,8.733157538029417992e+03,2.072241441274304208e+01,9.979731811103411019e+03,3.245307525972212659e+01,6.311300850809077383e+04,1.058740081323209523e+02,4.106638689168801325e-07,4.934861132311674082e-13
1.047370000000000000e+06,8.250603042649603594e+03,2.183180160722329077e+01,9.428374263669529682e+03,3.416006388339121713e+01,5.955054863687379839e+04,1.090216131640612076e+02,4.350807287394602355e-07,5.869709132044333445e-13
9.884960000000000000e+05,7.794652291609031636e+03,2.299178933020439075e+01,8.907371211843554192e+03,3.594108008529705245e+01,5.618784311613831233e+04,1.122206211803544988e+02,4.609449284086950707e-07,6.981603002986321913e-13
9.329300000000000000e+05,7.363820435792934404e+03,2.420420321407678799e+01,8.415029348512163779e+03,3.779837772720604505e+01,5.301360134169858065e+04,1.154690993670083827e+02,4.883420105308989460e-07,8.304081634045916137e-13
8.804880000000000000e+05,6.956740072936166143e+03,2.547106359040231638e+01,7.949790522882652112e+03,3.973447775595360554e+01,5.001733154802962963e+04,1.187646986932716260e+02,5.173609192362796490e-07,9.876950525640259337e-13
8.309940000000000000e+05,6.572094150411970077e+03,2.679286991560107367e+01,7.510153151780210464e+03,4.174935515465878666e+01,4.718899811209525069e+04,1.221049505299584439e+02,5.480968229279883368e-07,1.174759604311332506e-12
7.842820000000000000e+05,6.208632166637044065e+03,2.817126009607583370e+01,7.094691386313798830e+03,4.384482134052695557e+01,4.451913589384253282e+04,1.254871173699448264e+02,5.806502959311495785e-07,1.397236465836367761e-12
7.401960000000000000e+05,5.865194230475629411e+03,2.960801468886812060e+01,6.702083966655768563e+03,4.602282638619379895e+01,4.199885032985775615e+04,1.289081340198721080e+02,6.151271147061217535e-07,1.661821506936419496e-12
6.985880000000000000e+05,5.540666799327978879e+03,3.110368120288397975e+01,6.331060527281619216e+03,4.828324879581086293e+01,3.961970323231926886e+04,1.323647042444115982e+02,6.516396030451643457e-07,1.976480005472366091e-12
6.593190000000000000e+05,5.234004136025309890e+03,3.265941564370596240e+01,5.980429767539815657e+03,5.062691858312415860e+01,3.737377005534247292e+04,1.358531741659442389e+02,6.903057745851596503e-07,2.350676174360643155e-12
6.222570000000000000e+05,4.944218137165601547e+03,3.427675271213086461e+01,5.649065230659864937e+03,5.305517872102105770e+01,3.525352561332759069e+04,1.393696506156047974e+02,7.312510391760833766e-07,2.795669231324307014e-12
5.872790000000000000e+05,4.670383154544992976e+03,3.595490596797434080e+01,5.335911604063985578e+03,5.556556465689213553e+01,3.325195861772846547e+04,1.429097611893906503e+02,7.746058633185437340e-07,3.324820844639886644e-12
5.542660000000000000e+05,4.411566962798433451e+03,3.769621152021713328e+01,5.039885536338798374e+03,5.816061384260400757e+01,3.136228568621991872e+04,1.464691009020314709e+02,8.205116465709755082e-07,3.954061424996570342e-12
5.231100000000000000e+05,4.166993364027855023e+03,3.950105951880200905e+01,4.760125880463100657e+03,6.083962605967468562e+01,2.957835208465077085e+04,1.500424495168104499e+02,8.691113038175909225e-07,4.702236163745336741e-12
4.937050000000000000e+05,3.935867927942136248e+03,4.136912082828825277e+01,4.495727989365663234e+03,6.360065185489732187e+01,2.789411667308277538e+04,1.536246899657150493e+02,9.205615469518223336e-07,5.591831086007851231e-12
4.659530000000000000e+05,3.717447105401978661e+03,4.330171841430271229e+01,4.245843622012898777e+03,6.644444543201848319e+01,2.630399549556099009e+04,1.572101073745844815e+02,9.750241883238311281e-07,6.649513285541839616e-12
4.397600000000000000e+05,3.511021167897508349e+03,4.529769090453316949e+01,4.009664301486955992e+03,6.936749951600479847e+01,2.480263279878055619e+04,1.607928196817416620e+02,1.032672758069309047e-06,7.907034454724373232e-12
4.150400000000000000e+05,3.315938693452391362e+03,4.735829769976302828e+01,3.786447708338176199e+03,7.237033283733150313e+01,2.338513041442321264e+04,1.643661906002334945e+02,1.093683616220613409e-06,9.401973684104215459e-12
3.917100000000000000e+05,3.131572611532608789e+03,4.947941316190486560e+01,3.575479241901922251e+03,7.544473740691063313e+01,2.204676134198400541e+04,1.679234520926480059e+02,1.158246041513739694e-06,1.117904677674128654e-11
3.696910000000000000e+05,2.957321897997538144e+03,5.166521443789837065e+01,3.376074462181213676e+03,7.859583757519594371e+01,2.078302703909908450e+04,1.714575669803398057e+02,1.226561177297641370e-06,1.329143387187387268e-11
3.489100000000000000e+05,2.792634462744286338e+03,5.390972128097768490e+01,3.187604212279106378e+03,8.181209004811731234e+01,1.958977237626872738e+04,1.749608638619841656e+02,1.298835380924129223e-06,1.580213336877463969e-11
3.292970000000000000e+05,2.636976860926027257e+03,5.621559812167284065e+01,3.009460952537044705e+03,8.509609631030555477e+01,1.846301358932133735e+04,1.784254704421645101e+02,1.375288697914599667e-06,1.878605729269683134e-11
3.107870000000000000e+05,2.489855899174224760e+03,5.858182382325448145e+01,2.841083296489614440e+03,8.844443316789329401e+01,1.739905325507321686e+04,1.818429410569663958e+02,1.456147295710344336e-06,2.233193715131411275e-11
2.933170000000000000e+05,2.350790007618727486e+03,6.100492606840334275e+01,2.681922660150005413e+03,9.184961755655733384e+01,1.639430802267419494e+04,1.852047651953141667e+02,1.541655305952276332e-06,2.654540601254014108e-11
2.768290000000000000e+05,2.219339610826997614e+03,6.348366329189477142e+01,2.531478814753528241e+03,9.530791361858163668e+01,1.544548117017632649e+04,1.885017866396248962e+02,1.632061248841357448e-06,3.155147047326902776e-11
2.612680000000000000e+05,2.095083582909785036e+03,6.600871538673571592e+01,2.389272504256313368e+03,9.880268788864731277e+01,1.454944780505985727e+04,1.917245380521019342e+02,1.727625353710871074e-06,3.749840182570301030e-11
2.465810000000000000e+05,1.977616016262421681e+03,6.858887092713544575e+01,2.254841756444054681e+03,1.023462048940766209e+02,1.370319732868804022e+04,1.948634435112995789e+02,1.828626352302746131e-06,4.456251846615955220e-11
2.327200000000000000e+05,1.866572348704587057e+03,7.121668016355906161e+01,2.127772129384696655e+03,1.059249292815034380e+02,1.290400639502654485e+04,1.979081625692232649e+02,1.935340268785676299e-06,5.295178637607231367e-11
2.196390000000000000e+05,1.761597551240020039e+03,7.388236472170216018e+01,2.007659728996895865e+03,1.095217401149590728e+02,1.214926630604925049e+04,2.008481998950362879e+02,2.048057075223078582e-06,6.291267875222352223e-11
2.072920000000000000e+05,1.662339999452008897e+03,7.658602995471602526e+01,1.894104854102990203e+03,1.131352723611193198e+02,1.143636748531752528e+04,2.036733815543353501e+02,2.167102275258730730e-06,7.473953361445650063e-11
1.956400000000000000e+05,1.568500872240344506e+03,7.932653995022111815e+01,1.786768076613857147e+03,1.167625470254807141e+02,1.076310367559661972e+04,2.063722578840100539e+02,2.292770354264494637e-06,8.877647481374324077e-11
1.846420000000000000e+05,1.479763297679532570e+03,8.209152256018786886e+01,1.685289317812843365e+03,1.203827099906257132e+02,1.012715242455580301e+04,2.089341561578029882e+02,2.425409827510317305e-06,1.054356844498791233e-10
1.742630000000000000e+05,1.395859688605504743e+03,8.488129029915354806e+01,1.589364862135412295e+03,1.239955597479075351e+02,9.526537335604038162e+03,2.113473545358033334e+02,2.565335918720087573e-06,1.251990004438591543e-10
1.644680000000000000e+05,1.316519490893199418e+03,8.768724690247519504e+01,1.498687705649746704e+03,1.275869031303191150e+02,8.959281584260121235e+03,2.136004878801002178e+02,2.712894934938992290e-06,1.486385610854122722e-10
1.552230000000000000e+05,1.241476134230543266e+03,9.050511795028160122e+01,1.412953137202841617e+03,1.311498562411983357e+02,8.423465316014207929e+03,2.156823341647352947e+02,2.868459607800006791e-06,1.764334602899655907e-10
1.464970000000000000e+05,1.170489736363981137e+03,9.332108097622288767e+01,1.331889799098757067e+03,1.346625345968574550e+02,7.917341777577563334e+03,2.175813734881422477e+02,3.032396451251381921e-06,2.093832948039159833e-10
1.382620000000000000e+05,1.103349256700431852e+03,9.613404803730462334e+01,1.255261026892306745e+03,1.381243176667341004e+02,7.439337517025344823e+03,2.192858634808766851e+02,3.205051638038937822e-06,2.484249510602882594e-10
1.304900000000000000e+05,1.039837777492610485e+03,9.893694842151072066e+01,1.182821216118525172e+03,1.415250682030081464e+02,6.987878496088336760e+03,2.207845392827486819e+02,3.386805451725325211e-06,2.946685128606942447e-10
1.231550000000000000e+05,9.797531521318096566e+02,1.017157859034084453e+02,1.114341603067694223e+03,1.448446399036518812e+02,6.561506075102894101e+03,2.220662252033581581e+02,3.578033053622804932e-06,3.494186332113846609e-10
1.162320000000000000e+05,9.229009925172041449e+02,1.044626642610875109e+02,1.049602280330795338e+03,1.480732112978242583e+02,6.158818971940668234e+03,2.231200798391283513e+02,3.779124659849774092e-06,4.142138704105791959e-10
1.096990000000000000e+05,8.691104333291594912e+02,1.071614376969493776e+02,9.884103482993715488e+02,1.511894417762613330e+02,5.778589670503606612e+03,2.239353857798557499e+02,3.990420201754648607e-06,4.908435065527595955e-10
1.035320000000000000e+05,8.181936798930366876e+02,1.098159648620441686e+02,9.305535187830439554e+02,1.542029130247255466e+02,5.419473402667176742e+03,2.245022662463394170e+02,4.212364183423878886e-06,5.814482899063569776e-10
9.771239999999999418e+04,7.700062953115531172e+02,1.123970466823350165e+02,8.758690095421400201e+02,1.570735180211703153e+02,5.080438984535890086e+03,2.248109236955509118e+02,4.445252870269697784e-06,6.884761625773638262e-10
9.221980000000000291e+04,7.243886996958573263e+02,1.149053087094512193e+02,8.241767703324748027e+02,1.598081579118061484e+02,4.760349535775688310e+03,2.248524928664220965e+02,4.689476870212988879e-06,8.148355250496261539e-10
8.703589999999999418e+04,6.811986925199952339e+02,1.173207140754366691e+02,7.753165579709515214e+02,1.623829833170646850e+02,4.458189623871148797e+03,2.246187476005625570e+02,4.945378358792421096e-06,9.639049695910406262e-10
8.214339999999999418e+04,6.402999599874791556e+02,1.196363433742426707e+02,7.291347813240715823e+02,1.647958599969493036e+02,4.173001023399895530e+03,2.241023174050445732e+02,5.213283107953993245e-06,1.139620338418439876e-09
7.752600000000000000e+04,6.015660321051382198e+02,1.218315876634266033e+02,6.854890140799220717e+02,1.670249240162522995e+02,3.903882704124543579e+03,2.232968018054537822e+02,5.493493223952720303e-06,1.346554361524173183e-09
7.316810000000000582e+04,5.648741998420832715e+02,1.238842277037542203e+02,6.442410295813821222e+02,1.690469875515422018e+02,3.649973286649465081e+03,2.221968209948202286e+02,5.786298855303362052e-06,1.590020576826187559e-09
6.905510000000000582e+04,5.301106900475035673e+02,1.257876768872063593e+02,6.052625716443268402e+02,1.708648409252529063e+02,3.410468303453737008e+03,2.207981650253285011e+02,6.091953643250542975e-06,1.876160943255291455e-09
6.517340000000000146e+04,4.971692417581524523e+02,1.275324666756633292e+02,5.684337390175182918e+02,1.724778781340138210e+02,3.184620128781132280e+03,2.190979758502264474e+02,6.410661062670083404e-06,2.212042599835678241e-09
6.150990000000000146e+04,4.659481307153903913e+02,1.290893951723342354e+02,5.336396541810627241e+02,1.738572269983650642e+02,2.971708678329440318e+03,2.170946746955764581e+02,6.742604458690733674e-06,2.605809377379967292e-09
5.805230000000000291e+04,4.363510021616641552e+02,1.304452217280252171e+02,5.007711389717295560e+02,1.749999669381395222e+02,2.771058715829494304e+03,2.147881548095100754e+02,7.087917543108265360e-06,3.066785297407750031e-09
5.478900000000000000e+04,4.082883756746024915e+02,1.315752578743359322e+02,4.697264829298081850e+02,1.758876189163739525e+02,2.582033840989412056e+03,2.121798529323914977e+02,7.446682822783364810e-06,3.605606443889496901e-09
5.170919999999999709e+04,3.816770579043566727e+02,1.324758519302387754e+02,4.404107051408867619e+02,1.765342976894403080e+02,2.404042038801322178e+03,2.092729714011752549e+02,7.818908170760089673e-06,4.234317750852382759e-09
4.880250000000000000e+04,3.564355399138906364e+02,1.331198902627088785e+02,4.127296445295185094e+02,1.769209537308861115e+02,2.236512302756132158e+03,2.060722312364326569e+02,8.204562914599603735e-06,4.966560732058437306e-09
4.605919999999999709e+04,3.329963733566016231e+02,1.339933125886599328e+02,3.871803529081499278e+02,1.776161935466874411e+02,2.078911759921892553e+03,2.025842048666541189e+02,8.603534634503084990e-06,5.817624566663910595e-09
4.347009999999999854e+04,3.129531521329945463e+02,1.369761558282025078e+02,3.656042052135176732e+02,1.808158562385983146e+02,1.930733888950441042e+03,1.988171928987315766e+02,9.015644340293456295e-06,6.804569506116812499e-09
4.102659999999999854e+04,2.961455155317962067e+02,1.421419719544349505e+02,3.478466447017185033e+02,1.866437307608306071e+02,1.791503977479300374e+03,1.947814251897604265e+02,9.440621458724727738e-06,7.946232265952195550e-09
3.872040000000000146e+04,2.822212759075694066e+02,1.493248385723592548e+02,3.335468575500767088e+02,1.949954979256112892e+02,1.660761779598655494e+03,1.904886098162452015e+02,9.878146894058250016e-06,9.263358431406335654e-09
3.654380000000000291e+04,2.708148123991001057e+02,1.582307986280035266e+02,3.223386890844281538e+02,2.056273781690476312e+02,1.538078405162995750e+03,1.859524203591960543e+02,1.032779487210800905e-05,1.077840329155887180e-08
3.448959999999999854e+04,2.615615340014300614e+02,1.685727606255640012e+02,3.138648983023819028e+02,2.183353379148697968e+02,1.423050261318412367e+03,1.811884179920151610e+02,1.078903633858923154e-05,1.251536571773440889e-08
3.255090000000000146e+04,2.541068377489229420e+02,1.799669634572593395e+02,3.077858908301066094e+02,2.327932128735364472e+02,1.315287587273870258e+03,1.762135887726367116e+02,1.126127557699472711e-05,1.449965260221040121e-08
3.072109999999999854e+04,2.481118868026573523e+02,1.920664578670834430e+02,3.037853420827725586e+02,2.487440114278342662e+02,1.214414454956296595e+03,1.710461761421585436e+02,1.174385427746998932e-05,1.675773583779188246e-08
2.899420000000000073e+04,2.432573807880929166e+02,2.044994940276390309e+02,3.015729299970485044e+02,2.659053261259164174e+02,1.120085114094049231e+03,1.657064733479806193e+02,1.223596730525169639e-05,1.931617061184311922e-08
2.736440000000000146e+04,2.392442440041327814e+02,2.168703098627820793e+02,3.008845325889216156e+02,2.839665764550991298e+02,1.031961684844086221e+03,1.602156608027169398e+02,1.273676082811546622e-05,2.220121930456753600e-08
2.582620000000000073e+04,2.357950177349873400e+02,2.288323097831191717e+02,3.014824085379487428e+02,3.026914709102006213e+02,9.497197251596644492e+02,1.545958867575034219e+02,1.324531166200785984e-05,2.543775403292770789e-08
2.437440000000000146e+04,2.326548093057749611e+02,2.399932792868610818e+02,3.031546577309966324e+02,3.217717099535623220e+02,8.730482224777352940e+02,1.488701068157672864e+02,1.376062980480984664e-05,2.904797681154635509e-08
2.300429999999999927e+04,2.295926635483138512e+02,2.500129279983887045e+02,3.057139417068954117e+02,3.409629787951280377e+02,8.016599348021981086e+02,1.430628087471185097e+02,1.428158183196701139e-05,3.304920218874963091e-08
2.171120000000000073e+04,2.264016108396901359e+02,2.585431267673171192e+02,3.089972622475871731e+02,3.599859094990453059e+02,7.352650609722523996e+02,1.371978251511405063e+02,1.480707556555924784e-05,3.745326799303278078e-08
2.049070000000000073e+04,2.229000295270719221e+02,2.653044976034948945e+02,3.128642305568558299e+02,3.786325090909833762e+02,6.735874112297460670e+02,1.312992533356656963e+02,1.533596571183584790e-05,4.226377118811528104e-08
1.933890000000000146e+04,2.189338548281667158e+02,2.700391097835041592e+02,3.171952985238460201e+02,3.966800259772678032e+02,6.163741514933699364e+02,1.253923937315264965e+02,1.586695878382956879e-05,4.747262274801609565e-08
1.825179999999999927e+04,2.143756303663943754e+02,2.725501803335904469e+02,3.218920845818809653e+02,4.139460647800834181e+02,5.633657923416642461e+02,1.195006030841624352e+02,1.639888520305075721e-05,5.305998503659251667e-08
1.722590000000000146e+04,2.091270615338080461e+02,2.726727869147872525e+02,3.268729306206475940e+02,4.302237912022783348e+02,5.143262492014872578e+02,1.136481423723014501e+02,1.693043346445700814e-05,5.898906076459075300e-08
1.625760000000000036e+04,2.031184799861588886e+02,2.703708829291554139e+02,3.320762459344532544e+02,4.454452833096162294e+02,4.690138817110964737e+02,1.078567246262023218e+02,1.746045390701647112e-05,6.520681528237894714e-08
1.534370000000000073e+04,1.963100236882255842e+02,2.656311430391679096e+02,3.374539900759032207e+02,4.594919983706831772e+02,4.272058900692071575e+02,1.021481248906984405e+02,1.798771513567709877e-05,7.163918191601605685e-08
1.448120000000000073e+04,1.886914423640266136e+02,2.585086808530435292e+02,3.429713410055501299e+02,4.722674163089882882e+02,3.886886695769806579e+02,9.654297887229787989e+01,1.851100520859077386e-05,7.819053053814171434e-08
1.366720000000000073e+04,1.802808062966347507e+02,2.491743662576401448e+02,3.486055994463377488e+02,4.837982347362060409e+02,3.532536726061573518e+02,9.105998179431713879e+01,1.902920073587081052e-05,8.474388662348115745e-08
1.289889999999999964e+04,1.711227662914789391e+02,2.378068522932410076e+02,3.543440193556019722e+02,4.940369666181469483e+02,3.206981019382341174e+02,8.571569643652493653e+01,1.954128324603876700e-05,9.116167161637351796e-08
1.217379999999999927e+04,1.612894876336082177e+02,2.246851714359404752e+02,3.601806468802495260e+02,5.030510790511861501e+02,2.908337022713014903e+02,8.052586932771079375e+01,2.004621038462605560e-05,9.728600672337882625e-08
1.148950000000000000e+04,1.508762977753001451e+02,2.100976856048155810e+02,3.661154043719251376e+02,5.108577306682356038e+02,2.634783048360971520e+02,7.550404261602120926e+01,2.054304468839367125e-05,1.029440143350660074e-07
1.084370000000000073e+04,1.399985356938987593e+02,1.943902325774053281e+02,3.721523646884211871e+02,5.175559283980696819e+02,2.384563741701523440e+02,7.066149626644421744e+01,2.103096070346264110e-05,1.079533139478595516e-07
1.023410000000000036e+04,1.287858362864596415e+02,1.779134180507189456e+02,3.782989432715979774e+02,5.232430312806462780e+02,2.155958136759739432e+02,6.600647492866774257e+01,2.150932860654264218e-05,1.121297517337181325e-07
9.658829999999999927e+03,1.173861016491956804e+02,1.610292745376192158e+02,3.845600003653748900e+02,5.280247565528200084e+02,1.947443318531157104e+02,6.154753916231439348e+01,2.197737273687440571e-05,1.152931211082621275e-07
9.115889999999999418e+03,1.059508463995985466e+02,1.440744535556887058e+02,3.909417120912745531e+02,5.319819844979278969e+02,1.757484747250658756e+02,5.728940229741782986e+01,2.243460101290823972e-05,1.172811327161791473e-07
8.603459999999999127e+03,9.463578959653884226e+01,1.273811447512697583e+02,3.974471841784080084e+02,5.352463689868627625e+02,1.584655909420261821e+02,5.323540812056265281e+01,2.288055774518616797e-05,1.179577452999400093e-07
8.119840000000000146e+03,8.359470669831543432e+01,1.112429883631143639e+02,4.040758823594317164e+02,5.379245219586069879e+02,1.427615948274707875e+02,4.938723481537706306e+01,2.331485867586675640e-05,1.172242850886079110e-07
7.663409999999999854e+03,7.297328255911509132e+01,9.591245152650230921e+01,4.108232362557376973e+02,5.401133098410522280e+02,1.285097085013147478e+02,4.574475249381293196e+01,2.373721532177320843e-05,1.150290907921158303e-07
7.232630000000000109e+03,6.290396573365609356e+01,8.159915268656287424e+01,4.176799818057672837e+02,5.419206982337846057e+02,1.155905933378067942e+02,4.230621290400415546e+01,2.414742555239936394e-05,1.113749481514474922e-07
6.826069999999999709e+03,5.350201780844579957e+01,6.845931366545816843e+01,4.246312886535753819e+02,5.434172036265734960e+02,1.038932418877183466e+02,3.906869336820255256e+01,2.454533310937907943e-05,1.063241324735764868e-07
6.442359999999999673e+03,4.486040923244642897e+01,5.660276658815995887e+01,4.316577210424636064e+02,5.446963683637344502e+02,9.331341726656438595e+01,3.602790774291651132e+01,2.493086307332964554e-05,9.999913736309585488e-08
6.080220000000000255e+03,3.704743417743465272e+01,4.608701328441979683e+01,4.387344775338762588e+02,5.458201053738838482e+02,8.375444271067699731e+01,3.317865585874152146e+01,2.530398129429676097e-05,9.257987819166806452e-08
5.738439999999999600e+03,3.010444121285913610e+01,3.692349451260123772e+01,4.458323400027594516e+02,5.468419942086279661e+02,7.512647939166882338e+01,3.051486972122001973e+01,2.566470257224769415e-05,8.429593415807160915e-08
5.415869999999999891e+03,2.404516844023972411e+01,2.908278198140047621e+01,4.529184524930628868e+02,5.478224739049512664e+02,6.734611973543746899e+01,2.802973398021864782e+01,2.601309116509811781e-05,7.541447950227744181e-08
5.111430000000000291e+03,1.885694365259718097e+01,2.249820903829676055e+01,4.599570164314805538e+02,5.487838257992300441e+02,6.033644312890587713e+01,2.571595036126785772e+01,2.634924078969047808e-05,6.622522835049543644e-08
4.824109999999999673e+03,1.450301940351126539e+01,1.707677306946776241e+01,4.669102756855719463e+02,5.497755262246015491e+02,5.402674691244514094e+01,2.356590543925024406e+01,2.667326504429190016e-05,5.702290250211669976e-08
4.552939999999999600e+03,1.092576117437584315e+01,1.270318619575618513e+01,4.737403819655538086e+02,5.508129517553492178e+02,4.835163117193653193e+01,2.157160048199757441e+01,2.698532325285262661e-05,4.808783498847404935e-08
4.297000000000000000e+03,8.051558932744866226e+00,9.249926409864253074e+00,4.804104311953500428e+02,5.519152161527988483e+02,4.325101322517379998e+01,1.972487243659756118e+01,2.728560347716838075e-05,3.966879459097659781e-08
4.055460000000000036e+03,5.796454003950546330e+00,6.584707394081740439e+00,4.868846048503615975e+02,5.530967030986494137e+02,3.867060843911139756e+01,1.801779873301320478e+01,2.757426835450767319e-05,3.196963769036584698e-08
3.827489999999999782e+03,4.070619732692518866e+00,4.576021119727084141e+00,4.931316917932629167e+02,5.543587727427905065e+02,3.455988815942992431e+01,1.644215740675580761e+01,2.785155539962152818e-05,2.513598679673569713e-08
3.612340000000000146e+03,2.784349378801093788e+00,3.100000574279002219e+00,4.991239842482161180e+02,5.557081514481811837e+02,3.087335908348870817e+01,1.499008801859404905e+01,2.811767727608250895e-05,1.925280611815526430e-08
3.409289999999999964e+03,1.852081801814284612e+00,2.043977258062684932e+00,5.048394229521063608e+02,5.571463690943047595e+02,2.756934464949782537e+01,1.365381413305805403e+01,2.837287633437608663e-05,1.434361805300242651e-08
3.217639999999999873e+03,1.195970810594058742e+00,1.309414715420663677e+00,5.102624424558314900e+02,5.586635221641840872e+02,2.460962565744651798e+01,1.242565308444926941e+01,2.861743476427423466e-05,1.037669344537565995e-08
3.036769999999999982e+03,7.484386337568547098e-01,8.135986647887132328e-01,5.153824902322189700e+02,5.602523996932618502e+02,2.196011878619479063e+01,1.129845403285934857e+01,2.885159286998392649e-05,7.276938087659700772e-09
2.866070000000000164e+03,4.530581059539327549e-01,4.893816173419037741e-01,5.201959361593048925e+02,5.619021818638832428e+02,1.958952220400268729e+01,1.026518329689711173e+01,2.907563390363428091e-05,4.937631439755706519e-09
2.704960000000000036e+03,2.647571558457075813e-01,2.843826920566994709e-01,5.247051351324090547e+02,5.635997291618671170e+02,1.746943720603366756e+01,9.319095888732006117e+00,2.928985523969195612e-05,3.235221508716646885e-09
2.552909999999999854e+03,1.490557202046862706e-01,1.593173886739339407e-01,5.289171783589865754e+02,5.653302277217305800e+02,1.557440112018408307e+01,8.453874834976051744e+00,2.949453740076045388e-05,2.042714377823453655e-09
2.409400000000000091e+03,8.066481890925811249e-02,8.584712096853823471e-02,5.328441524522343116e+02,5.670766654704593748e+02,1.388115880554856219e+01,7.663415883077500546e+00,2.968999333363047519e-05,1.240087515771817827e-09
2.273969999999999800e+03,4.186836316425231880e-02,4.439068454066673330e-02,5.365007514502095773e+02,5.688217506880005203e+02,1.236907529684980211e+01,6.942119616663172899e+00,2.987649689004296966e-05,7.221908615030363594e-10
2.146139999999999873e+03,2.078883574423724678e-02,2.196876274494823783e-02,5.399053684071710677e+02,5.705491684115875159e+02,1.101903593997280950e+01,6.284465910827476520e+00,3.005438748491873481e-05,4.024208238014148751e-10
2.025500000000000000e+03,9.849728020920827873e-03,1.037867973689874171e-02,5.430766071085701014e+02,5.722409965124858218e+02,9.814287410916705312e+00,5.685498246732812788e+00,3.022394505127059617e-05,2.140060056384623870e-10
1.911640000000000100e+03,4.440719939264822259e-03,4.667198429526430055e-03,5.460341719768168787e+02,5.738821399580466505e+02,8.739511796671031618e+00,5.140454928900733300e+00,3.038548996676090081e-05,1.083087807825945747e-10
1.804190000000000055e+03,1.899696298619188818e-03,1.991987065245417327e-03,5.487969572016938855e+02,5.754585397976071590e+02,7.781093212154647887e+00,4.644968593044486838e+00,3.053998211018266217e-05,5.201672719074130544e-11
1.702769999999999982e+03,7.685939723363623913e-04,8.042427056925870914e-04,5.513836688288628238e+02,5.769578192473200033e+02,6.926530896687324024e+00,4.194828602277568486e+00,3.059410571467168193e-05,2.352343798635666457e-11
1.607049999999999955e+03,2.931492896021340843e-04,3.061494211643573759e-04,5.538107923164963040e+02,5.783703482577174100e+02,6.164853802883652811e+00,3.786252077355348522e+00,3.073516805517636575e-05,9.991366846765878765e-12
1.516720000000000027e+03,1.050493207144181067e-04,1.095066249870105680e-04,5.560934911385409123e+02,5.796920663051150768e+02,5.486219030816601894e+00,3.415729931236128891e+00,3.088248059904709076e-05,3.998862937245640211e-12
1.431460000000000036e+03,3.523005282096843774e-05,3.666030429844469615e-05,5.582467306132882641e+02,5.809311144718124069e+02,4.881601864800244606e+00,3.079901481720829892e+00,3.105403039310912912e-05,1.505866976895346438e-12
1.350990000000000009e+03,1.101436549681855585e-05,1.144194179330339108e-05,5.602745019045800063e+02,5.820183772216456646e+02,4.343082584257249579e+00,2.775751898110198734e+00,3.116776104665823049e-05,5.286522476234632082e-13
1.275049999999999955e+03,3.197296927511071562e-06,3.315846495012014607e-06,5.621917376928533940e+02,5.830004180594369245e+02,3.863591487815227765e+00,2.500512409686151294e+00,3.127733104938851011e-05,1.723170345201110482e-13
1.203380000000000109e+03,8.578903010192731174e-07,8.882244171388286774e-07,5.640070685469735281e+02,5.838815492188720100e+02,3.436708930547283991e+00,2.251578748582681477e+00,3.138346584189154491e-05,5.191700779824746376e-14
1.135730000000000018e+03,2.117276645114302620e-07,2.188533961536023458e-07,5.657279966033337359e+02,5.846682907205373567e+02,3.056675255267263580e+00,2.026544093045643535e+00,3.148673046066007453e-05,1.438771666559607516e-14
1.071890000000000100e+03,4.784181414624062823e-08,4.937104188258458998e-08,5.673603164894750535e+02,5.853682868675628015e+02,2.718485888229444924e+00,1.823284244411536914e+00,3.158745145206950841e-05,3.650469122180255835e-15
1.011639999999999986e+03,9.844338288501485369e-09,1.014249277850629480e-08,5.689095634117425107e+02,5.859905423458535552e+02,2.417549674932772508e+00,1.639779469482744778e+00,3.168577950765363524e-05,8.434287855532046867e-16
9.547720000000000482e+02,1.834050583007026921e-09,1.886552546564942514e-09,5.703806176922876148e+02,5.865444075143038845e+02,2.149770816323889111e+00,1.474182211559466715e+00,3.178166278791196220e-05,1.764384896895440759e-16
9.011019999999999754e+02,3.076006264262439359e-10,3.159019970994738439e-10,5.717775092234944623e+02,5.870390389302448284e+02,1.911551697297102725e+00,1.324839146223820263e+00,3.187484683367780688e-05,3.322639360124851296e-17
8.504489999999999554e+02,4.615052974416481664e-11,4.732167882382333567e-11,5.731040568654465233e+02,5.874831526644230735e+02,1.699647914455229003e+00,1.190218721377922728e+00,3.196494305989825384e-05,5.597339991996975287e-18
8.026430000000000291e+02,6.153015733903870992e-12,6.299460418525546417e-12,5.743637315878567051e+02,5.878846481422459647e+02,1.511169966821090282e+00,1.068926323120242605e+00,3.205145788879209038e-05,8.379105909936092228e-19
7.575249999999999773e+02,7.239123084999203717e-13,7.400304812155426599e-13,5.755597050757604620e+02,5.882503676130572785e+02,1.343547125955024901e+00,9.596946574460308854e-01,3.213383911540953390e-05,1.106865884602960531e-19
7.149429999999999836e+02,7.459593360010366794e-14,7.614586375085155727e-14,5.766949888350289939e+02,5.885860699157223053e+02,1.194480848240308868e+00,8.613653389298641105e-01,3.221153090686048714e-05,1.280617882935789880e-20
6.747540000000000191e+02,6.679307382514698193e-15,6.808506160493505635e-15,5.777724058966391567e+02,5.888963917812200179e+02,1.061925043768525478e+00,7.728861803438401568e-01,3.228401653385451069e-05,1.287443100990915764e-21
6.368250000000000455e+02,5.153968545730535168e-16,5.246569412272082191e-16,5.787945768862618934e+02,5.891849542806060072e+02,9.440631872144300551e-01,6.933053253358545387e-01,3.235085988462546553e-05,1.115387330931397442e-22
6.010280000000000200e+02,3.396796359194081861e-17,3.453363710636340214e-17,5.797640649086008580e+02,5.894544776091527183e+02,8.392696335447353828e-01,6.217533715330864075e-01,3.241175317173096139e-05,8.253485809642633554e-24
5.672430000000000518e+02,1.894207434368328162e-18,1.923388190115955588e-18,5.806833024426293832e+02,5.897070130837034867e+02,7.460995724232830639e-01,5.574435245847043641e-01,3.246654408995150947e-05,5.167452684875738615e-25
5.353569999999999709e+02,8.849000851826126918e-20,8.974884027622209589e-20,5.815546222380353356e+02,5.899440869440092001e+02,6.632675261419114232e-01,4.996631866740728900e-01,3.251526237427571715e-05,2.710325933889334775e-26
5.052629999999999768e+02,3.426686995434003770e-21,3.471631621624250575e-21,5.823802861494885974e+02,5.901669724831170925e+02,5.896284753104472642e-01,4.477663788865333672e-01,3.255813578746683749e-05,1.178359907260269257e-27
4.768609999999999900e+02,1.087801112598769796e-22,1.100938682687750270e-22,5.831624571063796338e+02,5.903768664103344008e+02,5.241657813761670948e-01,4.011701344449418172e-01,3.259559010753138432e-05,4.199776175697074528e-29
4.500559999999999832e+02,2.797623357711238388e-24,2.828702484802465727e-24,5.839032513055594791e+02,5.905750732985095510e+02,4.659732842951493925e-01,3.593461025519754659e-01,3.262823783887342633e-05,1.212650992833685065e-30
4.247570000000000050e+02,5.755284075804604253e-26,5.814052531601718163e-26,5.846047604597729332e+02,5.907631326622441748e+02,4.142421512968726960e-01,3.218148053555204835e-01,3.265684779974926152e-05,2.800803856312157816e-32
4.008809999999999718e+02,9.348116804386916474e-28,9.435824481566060946e-28,5.852689336913631450e+02,5.909428692970852808e+02,3.682587451359845554e-01,2.881474078282995066e-01,3.268229298815384916e-05,5.107467447769006753e-34
3.783460000000000036e+02,1.181641601291161896e-29,1.191828474887939992e-29,5.858977594389662045e+02,5.911164248932165037e+02,3.273813475657135763e-01,2.579516521747257651e-01,3.270549775964484165e-05,7.248256560163742280e-36
3.570790000000000077e+02,1.145722283889533018e-31,1.154802235131866753e-31,5.864930302995603597e+02,5.912861822330694395e+02,2.910471850724057341e-01,2.308795083628880640e-01,3.272736173917434782e-05,7.890215936513145043e-38
3.370059999999999718e+02,8.382390606859542633e-34,8.443519804724053591e-34,5.870566110590627886e+02,5.914546836956927791e+02,2.587471496825993200e-01,2.066106686334088782e-01,3.274870423340327404e-05,6.480990961509631627e-40
3.180629999999999882e+02,4.554293036982490080e-36,4.584904115726921125e-36,5.875901142059364020e+02,5.916244901535982308e+02,2.300379191601739093e-01,1.848635019274750824e-01,3.277019690833384903e-05,3.953236570068091060e-42
3.001840000000000259e+02,1.804005156931944894e-38,1.815206724732707230e-38,5.880952283448003755e+02,5.917980903005928894e+02,2.045167692336328502e-01,1.653777993785834344e-01,3.279233860365861450e-05,1.758041072849128002e-44
2.833100000000000023e+02,5.113822094157033599e-41,5.143249742201621376e-41,5.885734544676676023e+02,5.919778276738535396e+02,1.818305843850286929e-01,1.479230156231318150e-01,3.281542927315157473e-05,5.594938003715943102e-47
2.673840000000000146e+02,1.016710451901063959e-43,1.022156108324433091e-43,5.890262484309736237e+02,5.921661255750931332e+02,1.616636421223418829e-01,1.322902636571214041e-01,3.283958136006145896e-05,1.248838104821458020e-49
2.523540000000000134e+02,1.388844053263538825e-46,1.395806955788121814e-46,5.894549153162607809e+02,5.923650116989817889e+02,1.437374749618483827e-01,1.182933256137945754e-01,3.286473930103522210e-05,1.915217778472172153e-52
2.381690000000000111e+02,1.274378443272187794e-49,1.280402150000533753e-49,5.898607327682354935e+02,5.925766609721454188e+02,1.278021947714672313e-01,1.057628984299634756e-01,3.289072164174185864e-05,1.972957190650201561e-55
2.247810000000000059e+02,7.668654743134756529e-53,7.703154266015030334e-53,5.902449031525914052e+02,5.928040818770464284e+02,1.136359536755003063e-01,9.454699171785187206e-02,3.291725958837005627e-05,1.332888095654567244e-58
2.121450000000000102e+02,2.950687997380082185e-56,2.963480364473267689e-56,5.906085502127580185e+02,5.930517413675530634e+02,1.010419500365143247e-01,8.450932633570799879e-02,3.294403695177683161e-05,5.757776443257493181e-62
2.002199999999999989e+02,7.074755297194652161e-60,7.104812788048674896e-60,5.909526929908753345e+02,5.933270822767264008e+02,8.984663437567844135e-02,7.552858455232736024e-02,3.297072220059826548e-05,1.549874411624118320e-65
1.989830000000000041e+02,2.813264376299573294e-60,2.825205608541481842e-60,5.909884452649930608e+02,5.933587053390247092e+02,8.872362226894751902e-02,7.462450110491003485e-02,3.297356208576855208e-05,6.239917945459076978e-66
1.977529999999999859e+02,1.111688161501260376e-60,1.116403741863321107e-60,5.910240052888734681e+02,5.933908165058031727e+02,8.761409583837410919e-02,7.373067520191803337e-02,3.297639841643642958e-05,2.496533374315982086e-66
1.965310000000000059e+02,4.368726960027027226e-61,4.387251448583196542e-61,5.910593440012391966e+02,5.934234371194582991e+02,8.651882537107949411e-02,7.284774445721407810e-02,3.297922841867507814e-05,9.933301152460580544e-67
1.953170000000000073e+02,1.707384900218480309e-61,1.714624137596131313e-61,5.910944612466419130e+02,5.934565945536877507e+02,8.543767135301336135e-02,7.197561185987343124e-02,3.298205161352857253e-05,3.930541983246167309e-67
1.941100000000000136e+02,6.630953637975529663e-62,6.659075169931071160e-62,5.911293856233116912e+02,5.934903186475324901e+02,8.436961317427529861e-02,7.111347083231642219e-02,3.298486986623621936e-05,1.545544544115214579e-67
1.929099999999999966e+02,2.559070695971747505e-62,2.569929563485343489e-62,5.911641170937805327e+02,5.935246425945325655e+02,8.331453012571458927e-02,7.026123905684152071e-02,3.298768273444169588e-05,6.039130462522656533e-68
1.917179999999999893e+02,9.821900981858780760e-63,9.863615301287384094e-63,5.911986265916879120e+02,5.935595961158072669e+02,8.227317305901239719e-02,6.941953868797207106e-02,3.299048742214999918e-05,2.346775971575848984e-68
1.905329999999999870e+02,3.746003165129679376e-63,3.761932410329120804e-63,5.912329428602154167e+02,5.935952189304143758e+02,8.124454079434423326e-02,6.858757599600701083e-02,3.299328583486756225e-05,9.062120561968788629e-69
1.893559999999999945e+02,1.420872953195502245e-63,1.426924708665656075e-63,5.912670368189841383e+02,5.936315485791071751e+02,8.022937468030418018e-02,6.776596591050419727e-02,3.299607516874719702e-05,3.480161943742567675e-69
1.881860000000000070e+02,5.355520928070820851e-64,5.378376461430329677e-64,5.913009372403197403e+02,5.936686315675224250e+02,7.922668634347984629e-02,6.695392366495671321e-02,3.299885735634054961e-05,1.328096654493840001e-69
1.870229999999999961e+02,2.005875625983411188e-64,2.014456457272091103e-64,5.913346438364536652e+02,5.937065148290497518e+02,7.823635896962810587e-02,6.615136897111072167e-02,3.300163197751865475e-05,5.036360149373765286e-70
1.858669999999999902e+02,7.465502780747098176e-65,7.497528629329691022e-65,5.913681566191380625e+02,5.937452500329602572e+02,7.725827648122834956e-02,6.535822192602866454e-02,3.300439861696147849e-05,1.897830955770017038e-70
1.847189999999999941e+02,2.763393593930494932e-65,2.775286696031359951e-65,5.914014464474113311e+02,5.937848944414968173e+02,7.629316153729098771e-02,6.457508322589304572e-02,3.300715446024367198e-05,7.112509741053960559e-71
1.835769999999999982e+02,1.015549848957870753e-65,1.019936759729568662e-65,5.914345711268408650e+02,5.938255120334804360e+02,7.533921818155921157e-02,6.380050941109687013e-02,3.300990390360043536e-05,2.646477416703272046e-71
1.824430000000000121e+02,3.711886936527753043e-66,3.727988651358235345e-66,5.914674725692738093e+02,5.938671710517405700e+02,7.439800326673441655e-02,6.303577830643965207e-02,3.301264173272512782e-05,9.793637512425651411e-72
1.813160000000000025e+02,1.348169093850036194e-66,1.354044835657710694e-66,5.915001795592343115e+02,5.939099493962843326e+02,7.346856576049187737e-02,6.228013141552921766e-02,3.301536995833451741e-05,3.601438581378513806e-72
1.801949999999999932e+02,4.861301708401497707e-67,4.882599763159302152e-67,5.915327209352689124e+02,5.939539309204658366e+02,7.254997654985366473e-02,6.153282612541538521e-02,3.301809062275015011e-05,1.314834868490263663e-72
1.790819999999999936e+02,1.743453654079349548e-67,1.751136437662406301e-67,5.915650386468170154e+02,5.939992126137690320e+02,7.164376291238913619e-02,6.079511820000387673e-02,3.302079848990288608e-05,4.774312523427482564e-73
1.779749999999999943e+02,6.207530611297913696e-68,6.235060480104797597e-68,5.915971905551560894e+02,5.940459001192837150e+02,7.074818553428934009e-02,6.006560487418816097e-02,3.302349804925341518e-05,1.721097093792081839e-73
1.768750000000000000e+02,2.196228436179360304e-68,2.206037264139757923e-68,5.916291475568546048e+02,5.940941127505744817e+02,6.986395103313629285e-02,5.934487409966843902e-02,3.302618650024443211e-05,6.165230245949785751e-74
1.757820000000000107e+02,7.721273529253258923e-69,7.756025397897696708e-69,5.916609095200569755e+02,5.941439873255608290e+02,6.899094994421177407e-02,5.863284950465637996e-02,3.302886347856844859e-05,2.194547661265019475e-74
1.746959999999999980e+02,2.697469161059146044e-69,2.709712756423768923e-69,5.917017845590581828e+02,5.947510960438112306e+02,6.812907353552709322e-02,5.792945511661348745e-02,4.023797116593955212e-05,7.762393073853051833e-75
1.736160000000000139e+02,9.355257685778353872e-70,9.398112662601226880e-70,5.917329161555370547e+02,5.948005617313266384e+02,6.727742776866495189e-02,5.723397325702971744e-02,3.294409352101042266e-05,2.725721658627659421e-75
1.725440000000000111e+02,3.227328783013994092e-70,3.242261755287866506e-70,5.917550530623828990e+02,5.943051672708526212e+02,6.643748246380257183e-02,5.654761666348274984e-02,2.720167374593631266e-05,9.520262081312198090e-76
1.714770000000000039e+02,1.104136398006322417e-70,1.109301249640768697e-70,5.917860918260669223e+02,5.943633964161793983e+02,6.560678791218294004e-02,5.586839527790952997e-02,3.303945701053012733e-05,3.297741117133207043e-76
1.704180000000000064e+02,3.757527351718994855e-71,3.775313837212246442e-71,5.918169060026746138e+02,5.944242852271676156e+02,6.478758127742299811e-02,5.519814990071436611e-02,3.304207387017314820e-05,1.136258051539198732e-76
1.693650000000000091e+02,1.269417130788518630e-71,1.275503923470626114e-71,5.918475535762661366e+02,5.944881218224696795e+02,6.397821018277051464e-02,5.453554066042374388e-02,3.304467969013295662e-05,3.886538143784618629e-77
1.683180000000000121e+02,4.257164029414334558e-72,4.277864606888345203e-72,5.918780345180072118e+02,5.945552537853523063e+02,6.317858483466493036e-02,5.388050478803332183e-02,3.304727416111602077e-05,1.319669954579339487e-77
1.672779999999999916e+02,1.418742159289518979e-72,1.425746613274280196e-72,5.919083197011747188e+02,5.946260922151500381e+02,6.238937240860437800e-02,5.323360002701920529e-02,3.304985449660133350e-05,4.452788234456099970e-78
1.662439999999999998e+02,4.693485270318738799e-73,4.717043954769449525e-73,5.919384381456417259e+02,5.947011152900093975e+02,6.160971810738063992e-02,5.259413680343612285e-02,3.305242287513298309e-05,1.491454021285359209e-78
1.652170000000000130e+02,1.542987531413673560e-73,1.550873317983789469e-73,5.919683608546785081e+02,5.947809186324653865e+02,6.084028065648794392e-02,5.196266636146952556e-02,3.305497651657671957e-05,4.964316547375262640e-79
1.641959999999999980e+02,5.035424258894439401e-74,5.061669479740495848e-74,5.919981168113748708e+02,5.948661844154448772e+02,6.008021616966568307e-02,5.133850697982625388e-02,3.305751761726751474e-05,1.640278433756816212e-79
1.631810000000000116e+02,1.631211991439414168e-74,1.639898407738753456e-74,5.920277059165557603e+02,5.949577491073277997e+02,5.932943772835479190e-02,5.072159745379658385e-02,3.306004589646441619e-05,5.379947194674100438e-80
1.621730000000000018e+02,5.251354844678217343e-75,5.279984014467067425e-75,5.920570992226371345e+02,5.950566904416011766e+02,5.858859156729930018e-02,5.011247940542734591e-02,3.306255858534545481e-05,1.753562229332437340e-80
1.611709999999999923e+02,1.678166362901223842e-75,1.687554675722726382e-75,5.920863259219213433e+02,5.951643394510099370e+02,5.785684988528821265e-02,4.951048272365750347e-02,3.306505790484607515e-05,5.673724644407462787e-81
1.601750000000000114e+02,5.323500663328868031e-76,5.354143216228045690e-76,5.921153862095569593e+02,5.952824107282981458e+02,5.713412746727544039e-02,4.891554714382646829e-02,3.306754359150716863e-05,1.822279595034017305e-81
1.591850000000000023e+02,1.676312019316781118e-76,1.686270878572272748e-76,5.921442802186144263e+02,5.954131449612835922e+02,5.642033963630349591e-02,4.832761269826095496e-02,3.307001538739911872e-05,5.809755506946123658e-82
1.582009999999999934e+02,5.239681498098520545e-77,5.271930813935347807e-77,5.921730095341273454e+02,5.955598049597413137e+02,5.571540225325372075e-02,4.774661971720781800e-02,3.307247304012163157e-05,1.838627833162021201e-82
1.572239999999999895e+02,1.627677047671092601e-77,1.638103567569468829e-77,5.922015461708843986e+02,5.957267835725268696e+02,5.501994127242681998e-02,4.717309415400374600e-02,3.307491380435064496e-05,5.782798365839225263e-83
1.562520000000000095e+02,5.013074764358381204e-78,5.046678866305171433e-78,5.922299461099989912e+02,5.959194005913689125e+02,5.433244999190765118e-02,4.660580290209703769e-02,3.307734243537050742e-05,1.803269349621142471e-83
1.552870000000000061e+02,1.534491881610671913e-78,1.545331573207610477e-78,5.922581516168319240e+02,5.961467767740728050e+02,5.365426053343921170e-02,4.604585449384794582e-02,3.307975370065058295e-05,5.588587758764164041e-84
1.543269999999999982e+02,4.656761557363113588e-79,4.691757192184201988e-79,5.922862214890589030e+02,5.964238971649207315e+02,5.298388536078699196e-02,4.549202996460694620e-02,3.308215236744223710e-05,1.717148826165353457e-84
1.533729999999999905e+02,1.402790030610411546e-79,1.414157805468595299e-79,5.923141277530419302e+02,5.967769060071742615e+02,5.232194805438225571e-02,4.494485308924526384e-02,3.308453571211475490e-05,5.237242537291458289e-85
1.524259999999999877e+02,4.199994136444765009e-80,4.237484765489923845e-80,5.923418440119673960e+02,5.972589047423151669e+02,5.166905492380848008e-02,4.440483459027368823e-02,3.308690101784609585e-05,1.587590480569851316e-85
1.514840000000000089e+02,1.246660983801190221e-80,1.259437157684647100e-80,5.923694327723502511e+02,5.980162840948896701e+02,5.102374674843187380e-02,4.387077644589257308e-02,3.308925306608086192e-05,4.771147040715154302e-86
1.505480000000000018e+02,3.673207434225020584e-81,3.721861740459842256e-81,5.923981030454979191e+02,5.996988337837199197e+02,5.774475293287466976e-02,5.070134363847451919e-02,3.309158915004734312e-05,1.423320054946769868e-86
1.496169999999999902e+02,1.072911471429062774e-81,1.086182993933240156e-81,5.924246184684469654e+02,5.992448004584872479e+02,6.546282980923978645e-02,5.852738642403509939e-02,3.309391156011894255e-05,4.209298677193550019e-87
1.486930000000000121e+02,3.115000986601360825e-82,3.143582076902146234e-82,5.924508751267707112e+02,5.975117023131147107e+02,7.305980801667903701e-02,6.623053079128944642e-02,3.309621510887579668e-05,1.237330070751270237e-87
1.477740000000000009e+02,8.965439608173139039e-83,9.034264461234894806e-83,5.924771433020154063e+02,5.967130868630166560e+02,8.055354101103237574e-02,7.382888432168797921e-02,3.309850458892276965e-05,3.605657931874245287e-88
1.468609999999999900e+02,2.561463671755447914e-83,2.578594156041875164e-83,5.925033165371778523e+02,5.961951918291398442e+02,8.793606529253429616e-02,8.131439089330427805e-02,3.310077731801245227e-05,1.043001020217172655e-88
1.459530000000000030e+02,7.254513312737384912e-84,7.297691992680415796e-84,5.925293810061551767e+02,5.958166070840910606e+02,9.519836486510846463e-02,8.867816786040381982e-02,3.310303559876383680e-05,2.990833234828103185e-89
1.450509999999999877e+02,2.039539776182873736e-84,2.050488800621620834e-84,5.925552556328499350e+02,5.955216454977360172e+02,1.023527491483214591e-01,9.593243306199557285e-02,3.310527676196226113e-05,8.513363489408850304e-90
1.441550000000000011e+02,5.692055029978798186e-85,5.719870704890004660e-85,5.925809909598216336e+02,5.952826815735469381e+02,1.094005935871158741e-01,1.030785833086015207e-01,3.310750063375348100e-05,2.405584277568568550e-90
1.432640000000000100e+02,1.574704087989371113e-85,1.581757184134679198e-85,5.926066106413883290e+02,5.950842608357415884e+02,1.163510257815955629e-01,1.101258754790506028e-01,3.310970952285709781e-05,6.738079799509681259e-91
1.423789999999999907e+02,4.324615520891279651e-86,4.342463826094526466e-86,5.926320821765995106e+02,5.949164515953650607e+02,1.231974922186623717e-01,1.170676666682603506e-01,3.311190078128270308e-05,1.873559022852036946e-91
1.414989999999999952e+02,1.177282440083245980e-86,1.181778581901257921e-86,5.926574318180707905e+02,5.947726145741867185e+02,1.299489625083184718e-01,1.239130532961431747e-01,3.311407672018980031e-05,5.163998091747471108e-92
1.406250000000000000e+02,3.181570722034749766e-87,3.192853766478170465e-87,5.926826277896925603e+02,5.946480627895851967e+02,1.365912277459266078e-01,1.306477386116047801e-01,3.311623470637447934e-05,1.412957299277095710e-92
1.397560000000000002e+02,8.522791825973520570e-88,8.550940217945835600e-88,5.927076973334441163e+02,5.945393584430570399e+02,1.431259680467244777e-01,1.372735271509839539e-01,3.311837705231102178e-05,3.832250128914979372e-93
1.388919999999999959e+02,2.263038331316732144e-88,2.270016220528645093e-88,5.927326401494698302e+02,5.944439123648413670e+02,1.495688148043805010e-01,1.438060673473257611e-01,3.312050359945859716e-05,1.030269131038661539e-93
1.380339999999999918e+02,5.965429308049942724e-89,5.982638761175613528e-89,5.927574251303260553e+02,5.943597093162640022e+02,1.559135095452273967e-01,1.502390152039149718e-01,3.312261173773134519e-05,2.749686204693581301e-94
1.371810000000000116e+02,1.558693501410152266e-89,1.562908408665776199e-89,5.927820801817099436e+02,5.942851626687070166e+02,1.621686320409859716e-01,1.565810714519441649e-01,3.312470377912144344e-05,7.274224477137056820e-95
1.363329999999999984e+02,4.036839531776832655e-90,4.047088584746982674e-90,5.928066043397309386e+02,5.942189897405141892e+02,1.683352618378050336e-01,1.628333321416048918e-01,3.312677957547575502e-05,1.907452449042483543e-95
1.354910000000000139e+02,1.037963501508714191e-90,1.040441388022326590e-90,5.928309677529666715e+02,5.941601343890797580e+02,1.744072853638699017e-01,1.689896004503166904e-01,3.312883654135179292e-05,4.965645437553083333e-96
1.346529999999999916e+02,2.641042371133138525e-91,2.646978378059601909e-91,5.928552279817459976e+02,5.941077426885242403e+02,1.803847110265293652e-01,1.750501010621076659e-01,3.313087942087562218e-05,1.279257921333960360e-96
1.338209999999999980e+02,6.671673749278298403e-92,6.685808739299329699e-92,5.928793261110039339e+02,5.940610659226600774e+02,1.862607842762492860e-01,1.810078971631997602e-01,3.313290319998749163e-05,3.271910052083205210e-97
1.329939999999999998e+02,1.670517794103685459e-92,1.673857599822913737e-92,5.929032905813955949e+02,5.940194923811915260e+02,1.920524114843522867e-01,1.868800105556156221e-01,3.313491018379007035e-05,8.294732424414234740e-98
1.321730000000000018e+02,4.152996586138820644e-93,4.160839470715513798e-93,5.929270916781804317e+02,5.939824790533463101e+02,1.977537141280643063e-01,1.926604824117081061e-01,3.313689782187802328e-05,2.087813570256393230e-98
1.313559999999999945e+02,1.021623615925450654e-93,1.023447656119309697e-93,5.929507871596294990e+02,5.939495922296503068e+02,2.033796053214377009e-01,1.983644342237199376e-01,3.313887082687878090e-05,5.200043635373443127e-99
1.305440000000000111e+02,2.490972251298786714e-94,2.495180511198965206e-94,5.929743474528503384e+02,5.939204203363318584e+02,2.089241248958886854e-01,2.039858243189511255e-01,3.314082664809653008e-05,1.283722644145555022e-99
1.297369999999999948e+02,6.019970054724062702e-95,6.029600648134686575e-95,5.929977720630754447e+02,5.938946169900650602e+02,2.143882750221346445e-01,2.095256700860121668e-01,3.314276516153650968e-05,3.141109051166090471e-100
1.289360000000000070e+02,1.444593470025112190e-95,1.446783501274011800e-95,5.930210315374921493e+02,5.938718646905357446e+02,2.197423780962294293e-01,2.149542164774311259e-01,3.314468385399881218e-05,7.631569813544447988e-101
1.281390000000000100e+02,3.429855830870359585e-96,3.434786551009751125e-96,5.930441837582520748e+02,5.938519205869265534e+02,2.250228151572070401e-01,2.203080453154144802e-01,3.314658739778840674e-05,1.834552107906452318e-101
1.273469999999999942e+02,8.071524664840665524e-97,8.082534754226566468e-97,5.930671992022657832e+02,5.938345257852689656e+02,2.302256289431045544e-01,2.255831207350781353e-01,3.314847327811629103e-05,4.371144956684419352e-102
1.265600000000000023e+02,1.882726723294336129e-97,1.885164852658495906e-97,5.930900775250802326e+02,5.938194307184157879e+02,2.353517921526182277e-01,2.307804300500027883e-01,3.315034138155925787e-05,1.032313569358137544e-102
1.257780000000000058e+02,4.352857750248999471e-98,4.358212816081365636e-98,5.931128184022072674e+02,5.938065572910387573e+02,2.404022663999705045e-01,2.359009493408169844e-01,3.315219159723906139e-05,2.416476600286659100e-103
1.250010000000000048e+02,9.975200547615835077e-99,9.986864257153664391e-99,5.931354215417982232e+02,5.937956158649493545e+02,2.453780023452945269e-01,2.409456435866847712e-01,3.315402381678941661e-05,5.606764964852465902e-104
1.242279999999999944e+02,2.261493317517998796e-99,2.264007912491095430e-99,5.931579157775096292e+02,5.937865455015163434e+02,2.502802202333662129e-01,2.459158347345939410e-01,3.315584028004152817e-05,1.286987139696675847e-104
1.234609999999999985e+02,5.091779681951997599e-100,5.097166350437571862e-100,5.931802425351199872e+02,5.937791381929370118e+02,2.550820868274514819e-01,2.507845277147718877e-01,3.315763618359973198e-05,2.933783742947837983e-105
1.226979999999999933e+02,1.134131673932248666e-100,1.135273731556194543e-100,5.932024599556536941e+02,5.937733043156410986e+02,2.598180497405814249e-01,2.555863582902043185e-01,3.315941610886363912e-05,6.616171749753800490e-106
1.219399999999999977e+02,2.503942724816434094e-101,2.506343941048892903e-101,5.932245385587798410e+02,5.937689236182300192e+02,2.644827442306925680e-01,2.603158879504631207e-01,3.316117761080573852e-05,1.478939628391671113e-106
1.211860000000000070e+02,5.468650606715836361e-102,5.473646977833885917e-102,5.932465074278475186e+02,5.937658981568072250e+02,2.690831575447570345e-01,2.649802019185915070e-01,3.316292290255057736e-05,3.270347372219578496e-107
1.204369999999999976e+02,1.183862812273620262e-102,1.184893819877148117e-102,5.932683371203523848e+02,5.937641455047056525e+02,2.736140122302925248e-01,2.695739503101926560e-01,3.316464956043951043e-05,7.168037993893601787e-108
1.196929999999999978e+02,2.540385598610661284e-103,2.542495394528459941e-103,5.932900274610568658e+02,5.937635504866540259e+02,2.780762007584737794e-01,2.740980389527347683e-01,3.316635749157177335e-05,1.557331536362113571e-108
1.189530000000000030e+02,5.392281704987037355e-104,5.396553864427033391e-104,5.933116076085010491e+02,5.937640216832074884e+02,2.824619501039124514e-01,2.785447900932958576e-01,3.316804888603475842e-05,3.346885635108735893e-109
1.182180000000000035e+02,1.134558199605533894e-104,1.135416264592277763e-104,5.933330477257587745e+02,5.937655900324679124e+02,2.867668964977432289e-01,2.829097694772749749e-01,3.316972135442890825e-05,7.129824099299872832e-110
1.174879999999999995e+02,2.366341261075163315e-105,2.368049824742537999e-105,5.933543475346751848e+02,5.937679430708387827e+02,2.910056259044709881e-01,2.872075760257662425e-01,3.317137481022774731e-05,1.505600518271303784e-110
1.167620000000000005e+02,4.881921183320117525e-106,4.885288618684110925e-106,5.933755377645279623e+02,5.937712970934727537e+02,2.951847341375981593e-01,2.914448981873545286e-01,3.317301141813270421e-05,3.144903017305414206e-111
1.160400000000000063e+02,9.962060444204685088e-107,9.968628866733939545e-107,5.933966165082063071e+02,5.937755376495948667e+02,2.993049277272318287e-01,2.956224529764549525e-01,3.317463106305034478e-05,6.497606638305875524e-112
1.153229999999999933e+02,2.015159388569538966e-107,2.016429735973677536e-107,5.934175544828912052e+02,5.937804460390195800e+02,3.033612724624994983e-01,2.997352382160606843e-01,3.317623140443678618e-05,1.330752706231319431e-112
1.146110000000000042e+02,4.041023484132525604e-108,4.043459841653911254e-108,5.934383516006535046e+02,5.937860099322597307e+02,3.073546055630860252e-01,3.037841035787229860e-01,3.317781236390690151e-05,2.701834361405728360e-113
1.139020000000000010e+02,7.996859467450052028e-109,8.001472537665438885e-109,5.934590668584842206e+02,5.937922839130017110e+02,3.112731404982361227e-01,3.077574286994054220e-01,3.317937827079247859e-05,5.413483796205392764e-114
1.131979999999999933e+02,1.568786194048045275e-109,1.569652443601552224e-109,5.934796411781361485e+02,5.937991638416741580e+02,3.151244113937580749e-01,3.116626032158094639e-01,3.318092459756398884e-05,1.075242572077583079e-114
1.124989999999999952e+02,3.051040121836218842e-110,3.052653515143777616e-110,5.935000742891677419e+02,5.938066180597322727e+02,3.189149295021337371e-01,3.155061504709917308e-01,3.318245127182943615e-05,2.117244013175917886e-115
1.118040000000000020e+02,5.868954505578107860e-111,5.871927510284665938e-111,5.935203953248949347e+02,5.938145838394656266e+02,3.226508578294141616e-01,3.192943202507716460e-01,3.318396038878660152e-05,4.123504701837000863e-116
1.111129999999999995e+02,1.116581150077864358e-111,1.117123257122238087e-111,5.935406041443822005e+02,5.938230850714419375e+02,3.263328576803931624e-01,3.230277836256678081e-01,3.318545184201414350e-05,7.942936504762232088e-117
1.104260000000000019e+02,2.100996682721556800e-112,2.101974485419543727e-112,5.935607006183406611e+02,5.938319922707632941e+02,3.299615832877405563e-01,3.267072045017270221e-01,3.318692552609273349e-05,1.513224413252749286e-117
1.097439999999999998e+02,3.919506679843610305e-113,3.921256173890951897e-113,5.935806552914033318e+02,5.938413421517894903e+02,3.335294905698846790e-01,3.303249756026358508e-01,3.318837921206143206e-05,2.858186719711903725e-118
1.090660000000000025e+02,7.231857203606053548e-114,7.234954159374683175e-114,5.936004974872564617e+02,5.938510871239942617e+02,3.370182364423297550e-01,3.338628374527770060e-01,3.318981494937487325e-05,5.339393535918717616e-119
1.083919999999999959e+02,1.319691361444395033e-114,1.320233788764565744e-114,5.936202268875080108e+02,5.938612169796318767e+02,3.404557157997793460e-01,3.373486943226906565e-01,3.319123263688223243e-05,9.865040511664203859e-120
1.077219999999999942e+02,2.381724766406934751e-115,2.382664692597925784e-115,5.936398433488710680e+02,5.938716875719684367e+02,3.438425624070908238e-01,3.407831892674316743e-01,3.319263217467917864e-05,1.802618444471364347e-120
1.070559999999999974e+02,4.251095865390539132e-116,4.252707310197698584e-116,5.936593467109305493e+02,5.938824903929775019e+02,3.471794031176133055e-01,3.441669583402581778e-01,3.319401346418266423e-05,3.257616977733518811e-121
1.063949999999999960e+02,7.523840754677437309e-117,7.526581195167986565e-117,5.936787075104128917e+02,5.938935583869428001e+02,3.504619140314034764e-01,3.474956172588913317e-01,3.319537435708076533e-05,5.837385733881698069e-122
1.057369999999999948e+02,1.313492523592974135e-117,1.313952399612110387e-117,5.936979843237229488e+02,5.939049358463199724e+02,3.537006400035799247e-01,3.507798595252576979e-01,3.319671887562563814e-05,1.031798656871764516e-122
1.050840000000000032e+02,2.273870051023472141e-118,2.274635613879295015e-118,5.937171183636761498e+02,5.939165434089550217e+02,3.568742226642709903e-01,3.539981973455419983e-01,3.319804283977642736e-05,1.808480604610984274e-123
1.044350000000000023e+02,3.893200100468910658e-119,3.894460994820337744e-119,5.937361389385007442e+02,5.939283845926954655e+02,3.599814500756412516e-01,3.571494977506443624e-01,3.319934820927213792e-05,3.134989350835999107e-124
1.037890000000000015e+02,6.574255651495843704e-120,6.576304657886260376e-120,5.937550752403930119e+02,5.939404769138235451e+02,3.630465579905909346e-01,3.602580731148541382e-01,3.320063688101464232e-05,5.360008738126404693e-125
1.031479999999999961e+02,1.100972921761138607e-120,1.101303266329358768e-120,5.937738683955635679e+02,5.939527431355346607e+02,3.660606517547106420e-01,3.633149013116354631e-01,3.320190477739682602e-05,9.088174446474292253e-126
1.025100000000000051e+02,1.818344525978014601e-121,1.818869967954153667e-121,5.937925770311534279e+02,5.939652246254674992e+02,3.690337228428317573e-01,3.663301157293778476e-01,3.320315576806131213e-05,1.519726441926851154e-126
1.018769999999999953e+02,2.978510213190274292e-122,2.979339462180791057e-122,5.938111423393067980e+02,5.939778516780629616e+02,3.719570314690044399e-01,3.692948529555567516e-01,3.320438584774159101e-05,2.520394843820664521e-127
1.012469999999999999e+02,4.811340428833950641e-123,4.812631479467194588e-123,5.938296229706110125e+02,5.939906596688158515e+02,3.748403882589975700e-01,3.722190629172272280e-01,3.320559882110173886e-05,4.122148299652559640e-128
1.006219999999999999e+02,7.708949253122814343e-124,7.710943892474219615e-124,5.938479601894805455e+02,5.940035920771531437e+02,3.776535746752883727e-01,3.750724056950270890e-01,3.320679075857327275e-05,6.686998334202400919e-129
1.000000000000000000e+02,1.217999467514820841e-124,1.218303446693168329e-124,5.938662126296045471e+02,5.940166718637409531e+02,3.804178377236827058e-01,3.778762650315469762e-01,3.320796539761136223e-05,1.069717451539229383e-129
